Token,FrequencyEmma,855
Jane,301
Austen,1
1816,1
VOLUME,3
CHAPTER,55
Woodhouse,308
handsome,37
clever,27
rich,14
comfortable,34
home,128
happy,120
disposition,24
seemed,141
unite,3
best,83
blessings,6
existence,6
lived,25
nearly,14
years,56
world,80
little,354
distress,19
vex,1
She,562
youngest,4
two,171
daughters,7
affectionate,9
indulgent,2
father,199
consequence,26
sister,32
marriage,34
mistress,11
house,92
early,40
period,18
Her,88
mother,68
died,4
long,142
ago,31
indistinct,1
remembrance,8
caresses,1
place,87
supplied,5
excellent,33
woman,127
governess,8
fallen,7
short,67
affection,49
Sixteen,2
Miss,592
Taylor,47
family,76
less,68
friend,175
fond,39
particularly,46
Between,2
intimacy,20
sisters,12
Even,10
ceased,6
hold,14
nominal,1
office,7
mildness,1
temper,35
hardly,71
allowed,40
impose,1
restraint,3
shadow,2
authority,6
passed,54
away,137
living,17
together,80
mutually,3
attached,25
liked,16
highly,24
esteeming,1
judgment,28
directed,6
chiefly,7
The,357
real,41
evils,10
indeed,175
situation,64
power,40
rather,145
much,476
way,152
think,380
well,292
disadvantages,1
threatened,4
alloy,3
many,133
enjoyments,3
danger,30
however,113
present,87
unperceived,2
means,48
rank,9
misfortunes,1
Sorrow,1
came,119
gentle,16
sorrow,3
shape,5
disagreeable,20
married,44
It,400
loss,23
first,205
brought,54
grief,5
beloved,9
sat,37
mournful,1
thought,225
continuance,2
wedding,8
gone,78
left,68
dine,15
prospect,13
third,4
cheer,4
evening,93
composed,6
sleep,2
dinner,41
usual,50
sit,38
lost,19
event,23
every,398
promise,21
happiness,75
Weston,429
man,230
unexceptionable,7
character,42
easy,28
fortune,36
suitable,4
age,22
pleasant,38
manners,52
satisfaction,27
considering,17
generous,4
friendship,26
always,235
wished,47
promoted,4
match,26
black,5
morning,107
work,19
want,89
would,813
felt,111
hour,76
day,158
recalled,2
past,20
kindness,38
sixteen,7
taught,7
played,8
five,37
old,83
devoted,5
powers,14
attach,5
amuse,8
health,34
nursed,3
various,6
illnesses,3
childhood,2
A,123
large,33
debt,1
gratitude,29
owing,3
intercourse,12
last,119
seven,5
equal,56
footing,3
perfect,33
unreserve,6
soon,220
followed,29
Isabella,69
yet,106
dearer,5
tenderer,1
recollection,8
companion,27
possessed,3
intelligent,4
useful,21
knowing,26
ways,16
interested,15
concerns,9
peculiarly,10
pleasure,113
scheme,23
one,408
could,824
speak,98
arose,4
never,347
find,74
fault,20
How,108
bear,51
change,61
true,58
going,118
half,98
mile,11
aware,26
great,262
must,563
difference,30
advantages,12
natural,50
domestic,7
suffering,16
intellectual,3
solitude,3
dearly,2
loved,27
He,441
meet,32
conversation,42
rational,18
playful,2
evil,32
actual,3
disparity,7
ages,2
increased,12
constitution,7
habits,12
valetudinarian,1
life,76
without,211
activity,4
mind,126
body,192
older,8
though,169
everywhere,2
friendliness,3
heart,65
amiable,34
talents,8
recommended,9
time,268
comparatively,2
removed,10
matrimony,7
settled,39
London,45
miles,17
beyond,52
daily,10
reach,7
October,4
November,5
struggled,2
Hartfield,160
Christmas,11
next,63
visit,85
husband,34
children,56
fill,2
give,157
society,47
Highbury,124
populous,2
village,2
almost,87
amounting,1
town,23
spite,24
separate,11
lawn,4
shrubberies,2
name,54
really,153
belong,15
afforded,8
equals,1
Woodhouses,4
All,10
looked,91
acquaintance,63
universally,4
civil,13
among,51
accepted,10
lieu,1
even,122
melancholy,12
sigh,19
wish,133
impossible,37
things,60
till,95
awoke,1
made,199
necessary,36
cheerful,28
His,57
spirits,64
required,14
support,8
nervous,11
easily,14
depressed,6
used,49
hating,2
part,64
kind,76
Matrimony,1
origin,4
reconciled,8
daughter,59
marrying,26
ever,189
compassion,13
entirely,39
obliged,76
selfishness,4
able,71
suppose,80
people,92
feel,95
differently,11
disposed,20
done,140
sad,25
thing,394
deal,92
happier,10
spent,21
rest,49
smiled,16
chatted,1
cheerfully,8
keep,32
thoughts,37
tea,23
say,308
exactly,51
said,483
Poor,30
What,102
pity,26
agree,15
papa,29
know,335
thoroughly,19
deserves,6
good,297
wife,67
live,17
us,143
odd,25
humours,2
might,321
But,293
advantage,27
This,108
three,62
times,28
And,224
dear,217
often,90
shall,212
see,220
coming,87
We,89
meeting,39
begin,30
go,127
pay,25
My,108
get,67
far,70
Randalls,88
distance,25
walk,52
No,125
nobody,53
walking,45
carriage,65
sure,201
James,19
like,196
put,61
horses,23
poor,106
paying,11
They,148
stable,2
You,303
already,44
talked,66
night,39
may,213
housemaid,1
doubt,98
whether,61
take,116
anywhere,14
else,79
That,76
got,36
Hannah,2
Nobody,19
mentioned,26
glad,49
lucky,10
slighted,6
upon,133
account,55
make,151
servant,6
girl,46
opinion,69
Whenever,6
curtseys,1
asks,3
pretty,63
manner,75
needlework,1
observe,20
turns,9
lock,1
door,44
right,88
bangs,1
comfort,64
somebody,11
goes,6
hearing,32
tell,73
spared,7
exertions,6
maintain,4
flow,6
ideas,16
hoped,43
help,39
backgammon,1
tolerably,15
attacked,2
regrets,6
placed,15
visitor,9
immediately,68
afterwards,41
walked,52
unnecessary,8
Knightley,373
sensible,25
intimate,10
connected,11
elder,4
brother,51
frequent,8
welcome,16
directly,50
mutual,5
connexions,10
returned,38
late,26
days,49
absence,14
Brunswick,11
Square,10
circumstance,34
animated,5
inquiries,10
answered,22
satisfactorily,2
When,51
gratefully,4
observed,21
come,158
call,41
afraid,65
shocking,5
Not,39
sir,62
beautiful,23
moonlight,2
mild,4
draw,10
back,65
fire,16
found,92
damp,6
dirty,5
catch,14
cold,54
Dirty,1
Look,5
shoes,4
speck,1
Well,86
quite,269
surprising,2
vast,6
rain,21
rained,1
dreadfully,8
hard,12
breakfast,12
wanted,74
By,13
bye,9
joy,18
Being,2
sort,111
feeling,56
hurry,24
congratulations,5
hope,142
went,46
behave,3
Who,13
cried,79
Ah,46
business,54
please,35
possibly,17
regard,43
comes,24
question,39
dependence,11
independence,11
At,34
rate,12
better,163
Especially,1
fanciful,3
troublesome,9
creature,39
playfully,2
head,37
certainly,90
believe,101
sometimes,37
dearest,20
mean,57
horrible,5
idea,99
Oh,185
meant,43
loves,9
joke,6
another,104
fact,23
faults,11
told,78
agreeable,50
knew,88
suspect,21
knows,30
flatter,5
reflection,18
persons,9
chances,5
gainer,1
willing,13
let,64
pass,30
hear,99
behaved,9
charmingly,4
Every,37
punctual,1
looks,28
tear,4
face,32
seen,73
apart,3
Dear,23
bears,2
sorry,60
lose,19
miss,7
thinks,23
turned,29
divided,4
tears,9
smiles,14
acceptable,8
important,18
secure,9
provision,3
therefore,62
allow,47
pain,31
happily,15
forgotten,19
matter,30
considerable,17
four,22
proved,16
marry,63
shook,8
fondly,4
replied,78
matches,6
foretell,2
whatever,16
Pray,15
none,27
greatest,29
amusement,13
success,10
widower,1
perfectly,64
constantly,8
occupied,16
either,61
friends,82
wherever,7
need,42
spend,18
single,18
year,27
alone,26
Some,14
deathbed,1
others,59
son,42
uncle,21
letting,3
solemn,5
nonsense,15
subject,95
believed,46
Ever,4
since,63
met,38
Broadway,1
Lane,6
began,64
drizzle,1
darted,3
gallantry,12
borrowed,2
umbrellas,2
Farmer,1
Mitchell,1
planned,2
blessed,6
instance,9
leave,52
understand,67
Success,1
supposes,1
endeavour,14
Your,27
properly,10
delicately,1
endeavouring,3
bring,38
worthy,18
employment,10
young,190
lady,71
imagine,53
making,50
planning,3
saying,51
idle,4
talk,60
Where,16
merit,13
proud,8
guess,24
known,56
triumph,6
cleverer,3
depend,16
merely,29
luck,9
There,129
talent,9
word,92
quarrel,11
claim,12
drawn,15
pictures,2
something,105
If,110
visits,14
given,77
encouragements,1
smoothed,2
matters,10
enough,128
comprehend,15
straightforward,3
unaffected,4
safely,19
manage,5
likely,45
harm,13
interference,7
rejoined,2
understanding,25
pray,11
silly,12
break,12
circle,17
grievously,1
Only,14
Elton,378
look,114
whole,73
fitted,1
comfortably,11
shame,9
longer,58
joining,2
hands,23
service,21
shew,28
attention,59
ask,43
dare,59
With,30
laughing,16
Invite,2
fish,1
chicken,2
chuse,23
Depend,10
six,9
care,50
II,4
native,5
born,6
respectable,20
generations,2
rising,6
gentility,6
property,6
received,36
education,16
succeeding,5
small,29
become,12
indisposed,3
homely,1
pursuits,2
brothers,4
engaged,35
satisfied,49
active,7
social,6
entering,8
militia,2
county,2
embodied,1
Captain,3
general,64
favourite,23
military,1
introduced,8
Churchill,213
Yorkshire,8
fell,10
love,117
surprized,31
except,31
full,44
pride,18
importance,12
connexion,20
offend,3
command,16
bore,7
proportion,4
dissuaded,1
took,47
infinite,3
mortification,11
threw,2
due,23
decorum,2
unsuitable,3
produce,10
ought,93
whose,39
warm,28
sweet,20
return,56
goodness,7
spirit,26
resolution,31
pursue,1
refrain,5
unreasonable,9
anger,7
missing,3
luxuries,1
former,13
income,9
still,109
nothing,233
comparison,10
Enscombe,36
cease,7
considered,19
especially,24
Churchills,15
amazing,4
worst,19
bargain,2
poorer,1
child,38
From,11
expense,7
relieved,5
boy,12
additional,4
softening,2
lingering,1
illness,9
reconciliation,2
kindred,1
offered,8
charge,18
Frank,207
decease,2
scruples,10
reluctance,3
supposed,35
overcome,8
considerations,2
wealth,7
seek,6
improve,7
complete,20
became,23
desirable,18
quitted,9
trade,4
established,5
favourable,13
opening,15
concern,17
leisure,13
occupation,4
pleasures,9
eighteen,4
twenty,8
realised,2
competence,1
purchase,6
estate,3
adjoining,6
longed,6
portionless,1
according,4
wishes,20
friendly,18
begun,12
influence,24
schemes,7
tyrannic,1
youth,11
shaken,6
determination,5
settling,4
sale,2
forward,35
steadily,5
objects,7
view,27
accomplished,11
bought,3
obtained,5
beginning,40
new,36
probability,12
greater,29
unhappy,19
secured,10
second,29
delightful,39
truly,12
pleasantest,3
proof,22
choose,1
chosen,15
excite,3
choice,9
tacitly,2
heir,2
avowed,1
adoption,1
assume,1
unlikely,4
assistance,14
apprehension,7
aunt,55
capricious,1
governed,2
nature,35
caprice,3
strong,44
affect,5
deservedly,2
saw,108
report,10
fine,41
sufficiently,9
belonging,4
merits,7
prospects,8
common,34
boasts,1
lively,11
curiosity,27
prevailed,6
compliment,31
achieved,2
Now,36
generally,24
proposed,14
proper,42
dissentient,1
voice,47
Perry,79
drank,2
Bates,145
strengthened,4
understood,23
written,23
occasion,27
For,26
included,5
mention,19
letter,107
heard,120
says,31
prized,1
course,61
formed,12
pleasing,22
irresistible,4
sense,56
addition,10
source,7
expression,9
congratulation,1
fortunate,26
regret,26
partial,7
separation,4
cooled,2
ill,40
missed,8
losing,5
ennui,1
companionableness,1
feeble,1
girls,13
energy,3
difficulties,17
privations,4
convenient,5
solitary,3
female,7
circumstances,30
approaching,7
season,6
hindrance,1
spending,5
evenings,5
week,29
altogether,22
hours,25
moments,12
enjoyment,22
apparent,10
taken,58
surprize,36
centre,3
attended,9
giving,46
stay,43
recovering,4
likelihood,2
ceasing,1
weeks,21
alleviation,2
compliments,13
neighbours,13
teased,1
sorrowful,5
eat,12
stomach,2
different,41
unwholesome,5
regarded,4
unfit,4
earnestly,12
tried,26
dissuade,3
vain,24
prevent,17
eating,7
pains,10
consulting,4
apothecary,1
gentlemanlike,5
comforts,8
applied,3
acknowledge,14
bias,1
inclination,21
disagree,4
perhaps,80
unless,10
moderately,4
confirmation,3
newly,1
pair,7
cake,3
eaten,3
benevolent,2
nerves,6
strange,14
rumour,2
Perrys,3
slice,3
III,4
united,10
causes,4
residence,4
measure,7
families,11
horror,7
terms,9
Fortunately,2
including,3
parish,9
Donwell,49
Abbey,24
seat,11
comprehended,2
unfrequently,1
persuasion,11
parties,21
preferred,10
fancied,9
unequal,7
company,34
scarcely,21
Real,1
Westons,8
liking,6
privilege,5
exchanging,1
vacant,2
blank,4
elegancies,3
lovely,11
thrown,18
After,21
set,63
Goddard,53
ladies,42
invitation,21
fetched,2
carried,5
hardship,3
Had,18
grievance,2
widow,3
vicar,2
quadrille,1
respect,41
harmless,3
untoward,1
enjoyed,7
uncommon,4
degree,54
popularity,3
neither,32
stood,15
predicament,1
public,13
favour,25
superiority,10
atonement,2
frighten,1
hate,4
outward,5
boasted,4
beauty,29
cleverness,1
distinction,8
middle,10
failing,2
possible,84
named,9
universal,1
contented,6
worked,2
wonders,3
quicksighted,1
surrounded,4
simplicity,10
cheerfulness,6
grateful,15
recommendation,7
mine,23
felicity,10
talker,6
suited,8
trivial,3
communications,5
gossip,1
School,1
seminary,1
establishment,7
professed,6
sentences,3
refined,3
combine,1
liberal,9
acquirements,2
elegant,22
morality,1
principles,6
systems,1
enormous,1
screwed,1
vanity,12
honest,5
reasonable,20
quantity,4
accomplishments,1
sold,3
price,2
sent,33
scramble,2
prodigies,1
school,10
high,18
repute,1
reckoned,3
healthy,3
spot,7
ample,6
garden,11
gave,54
plenty,5
wholesome,4
food,3
run,17
summer,21
winter,13
dressed,8
chilblains,1
wonder,49
train,4
couple,22
church,6
plain,22
motherly,2
entitled,3
occasional,3
holiday,2
formerly,4
owed,5
particular,40
neat,6
parlour,7
hung,3
round,39
whenever,22
win,1
sixpences,1
fireside,4
These,18
frequently,8
collect,3
sake,25
concerned,15
remedy,1
delighted,29
pleased,46
contriving,2
quiet,25
prosings,1
women,19
fearfully,2
anticipated,6
As,49
looking,62
close,18
note,23
requesting,1
respectful,2
Smith,88
request,4
seventeen,3
sight,25
interest,46
gracious,3
dreaded,2
fair,29
mansion,1
Harriet,496
Somebody,5
several,8
lately,20
raised,6
condition,6
scholar,1
history,17
visible,2
acquired,3
country,21
happened,27
admired,16
plump,1
bloom,4
blue,4
eyes,50
light,13
hair,14
regular,17
features,7
sweetness,7
end,40
person,67
determined,36
continue,11
struck,24
remarkably,11
engaging,7
inconveniently,1
shy,1
unwilling,7
pushing,2
shewing,9
becoming,12
deference,2
seeming,10
pleasantly,8
admitted,13
artlessly,1
impressed,3
appearance,30
superior,57
style,27
deserve,20
encouragement,19
Encouragement,2
Those,8
soft,8
graces,2
wasted,1
inferior,17
unworthy,6
parted,10
Martin,85
renting,1
farm,3
residing,2
creditably,1
coarse,3
unpolished,1
intimates,2
knowledge,26
elegance,15
notice,27
detach,1
bad,55
introduce,8
form,18
opinions,9
interesting,30
undertaking,2
busy,18
admiring,3
talking,52
listening,7
forming,10
flew,2
unusual,5
closed,11
watch,10
ready,65
moved,7
forwards,2
alacrity,3
impulse,1
indifferent,15
credit,18
attentively,3
honours,1
meal,3
recommend,20
minced,1
scalloped,1
oysters,1
urgency,2
guests,7
Upon,26
occasions,7
feelings,101
warfare,2
cloth,1
laid,11
fashion,5
conviction,15
suppers,2
hospitality,3
welcomed,4
visitors,5
grieve,3
Such,49
basin,4
thin,6
gruel,9
thorough,12
constrain,1
clearing,2
nicer,1
propose,5
venturing,3
eggs,2
An,12
egg,3
boiled,5
Serle,3
understands,3
boiling,1
hurt,8
bit,5
tart,1
Ours,1
preserves,1
advise,11
custard,1
glass,1
wine,6
tumbler,1
water,6
satisfactory,6
sending,7
intentions,9
personage,1
introduction,8
panic,2
humble,11
gratified,14
affability,1
treated,5
actually,27
IV,3
Quick,1
decided,27
inviting,4
encouraging,9
telling,22
foreseen,6
In,70
shrubbery,4
divisions,3
ground,14
sufficed,2
varied,4
exercise,17
confined,11
ventured,6
summon,2
valuable,9
privileges,1
approved,6
confirmed,5
designs,2
docile,1
totally,15
free,5
conceit,6
desiring,2
guided,6
attachment,48
appreciating,1
shewed,17
taste,34
strength,13
expected,39
Altogether,1
convinced,37
Two,7
granted,4
sentiment,10
distinct,10
independent,9
object,39
basis,2
esteem,3
attempts,6
usefulness,1
parents,4
questions,12
fancy,37
discovered,4
truth,37
penetration,5
chose,9
farther,43
teachers,3
affairs,5
naturally,14
Martins,13
Farm,5
months,30
describe,8
encouraged,8
talkativeness,1
amused,17
picture,21
beings,3
enjoying,4
youthful,2
exultation,4
parlours,2
upper,3
maid,11
eight,5
cows,1
Alderneys,1
Welch,2
cow,3
called,44
drink,3
dozen,4
thinking,60
immediate,14
cause,16
wrong,38
fancying,12
appeared,48
narrative,1
approbation,21
case,31
sink,9
forever,1
inspiriting,1
notion,5
number,9
meaning,32
led,25
evidently,13
dislike,16
share,15
walks,4
merry,2
games,1
dwelt,4
obliging,32
order,14
walnuts,2
shepherd,1
purpose,23
sing,4
singing,4
flock,1
bid,4
wool,1
spoke,42
blush,22
Mrs,31
send,23
goose,2
finest,5
Sunday,2
asked,38
Nash,13
Prince,1
Richardson,1
sup,1
information,21
line,16
read,50
yes,37
reads,2
Agricultural,1
Reports,1
books,5
lay,11
window,11
seats,1
cards,5
aloud,8
Elegant,3
Extracts,2
entertaining,5
Vicar,1
Wakefield,1
Romance,2
Forest,2
Children,1
One,39
ride,4
Kingston,8
fifty,3
farmer,7
horseback,5
foot,7
raise,11
yeomanry,1
precisely,7
lower,5
creditable,1
To,56
8th,1
June,7
birthday,1
23rd,1
fortnight,19
settle,12
seem,37
probably,36
repent,6
Six,2
hence,6
money,10
thirty,3
men,29
afford,6
beforehand,4
Whatever,4
afloat,1
employed,9
stock,3
forth,5
diligence,1
indoors,1
talks,4
taking,26
scrape,2
acquainted,33
objected,2
follow,13
fit,13
misfortune,5
birth,7
careful,4
associates,2
gentleman,31
station,3
within,29
degrading,3
Yes,87
force,6
firmly,2
permanently,2
advisable,2
marries,4
mere,16
However,17
Elizabeth,8
educated,3
ignorant,9
vulgar,8
watched,8
fluctuations,1
speech,18
alarming,5
symptoms,7
admirer,5
trusted,9
serious,30
difficulty,30
side,69
oppose,5
arrangement,16
road,18
respectfully,1
unfeigned,1
opportunity,18
survey,1
yards,5
quick,22
eye,28
Robert,32
contrasted,1
gentlemen,23
gained,5
insensible,4
voluntarily,5
noticed,1
gentleness,3
admiration,24
remained,17
minutes,53
kept,22
waiting,16
running,4
smiling,31
flutter,7
compose,5
happening,4
chance,19
towards,65
forgot,3
So,50
happen,12
Do,69
undoubtedly,13
compared,11
entire,8
expect,20
clownish,2
air,45
imagined,20
confess,12
nearer,7
mortified,8
genteel,2
repeatedly,4
specimens,2
bred,2
seeing,51
perceiving,3
wondering,6
Were,9
awkward,12
abrupt,3
uncouthness,1
wholly,11
unmodulated,1
Certainly,11
compare,4
hundred,14
plainly,6
Compare,2
carrying,9
speaking,46
silent,25
forty,8
Which,4
makes,19
grows,2
glaring,2
disgusting,2
loudness,1
coarseness,1
awkwardness,5
becomes,5
passable,2
detestable,1
later,5
solemnly,1
guessing,5
completely,26
gross,1
inattentive,1
appearances,4
profit,2
Will,11
engrosses,1
forgetting,7
inquire,9
book,9
market,1
thriving,1
thrive,1
illiterate,2
disturb,3
remember,45
answer,64
spoken,30
grave,8
displeasure,5
held,9
pattern,5
openness,3
quickness,9
bluntness,1
likes,5
copied,3
Neither,6
downright,5
commanding,1
suits,3
figure,9
copying,1
sufferable,1
On,15
contrary,7
model,4
seems,24
grown,7
design,4
ingratiating,1
softness,3
strikes,3
softer,3
Did,17
repeated,17
personal,7
praise,31
justice,24
blushed,7
fixed,20
driving,4
palpably,3
probable,6
feared,11
predict,2
equalled,2
date,2
plan,25
entered,24
brain,7
expediency,3
low,17
fairly,9
doubtful,9
sufficient,9
vicarage,5
deficiency,4
meetings,6
foundation,3
weight,4
efficacy,1
fastidious,1
feature,5
dispense,2
riding,1
conquered,2
V,3
supplying,3
quarrels,1
Perhaps,18
fight,1
battle,1
yesterday,27
agreeing,4
associate,3
judge,24
value,15
feels,10
sex,5
objection,13
hand,52
wants,10
informed,2
inducement,4
twelve,7
lists,2
regularly,3
neatly,1
arranged,12
alphabetically,1
rule,10
list,2
drew,6
fourteen,1
preserved,4
expecting,13
steady,11
reading,15
submit,3
requiring,2
industry,1
patience,11
subjection,2
failed,9
stimulate,1
affirm,1
persuade,14
omitting,1
refresh,3
memory,10
feelingly,3
moment,118
added,37
charm,10
senses,4
spoiled,4
cleverest,1
ten,28
puzzled,3
assured,15
slow,6
diffident,2
cope,1
inherits,1
dependent,3
preparing,5
receiving,14
material,11
matrimonial,2
point,51
submitting,2
Thank,16
Why,22
borne,11
despair,5
grow,10
cross,10
wantonness,1
plague,2
vexation,6
quarter,23
possibilities,1
pretend,10
genius,2
foretelling,1
flatterer,2
worse,25
undesigned,1
ignorance,4
hourly,1
flattery,4
learn,5
presenting,2
inferiority,5
venture,12
gain,4
places,11
belongs,2
uncomfortable,5
mistaken,22
doctrines,1
tend,1
adapt,2
rationally,2
varieties,2
polish,1
anxious,30
lament,5
Very,51
attempt,20
deny,6
Pretty,2
Can,18
seldom,13
hazle,2
brilliant,6
open,37
countenance,17
complexion,12
oh,8
height,6
size,12
firm,4
upright,7
glance,11
hears,4
gives,17
loveliness,3
add,11
personally,1
Considering,3
appears,13
lies,2
dread,9
equally,18
stout,2
confidence,17
kinder,5
truer,3
qualities,5
lead,11
lasting,5
blunder,7
errs,1
angel,5
spleen,1
brings,4
John,89
blind,13
frightened,12
unjust,6
unkind,1
excuse,25
liberty,9
consider,36
somewhat,4
hinting,1
arise,7
discussion,5
supposing,8
inconvenience,10
apprehended,3
accountable,1
approves,1
province,1
advice,14
remains,5
fate,6
alarmed,7
Be,5
outcry,1
sincere,5
excited,6
anxiety,19
gently,1
declares,3
cared,11
hereabouts,2
tempt,4
creating,6
slight,17
state,56
assure,59
Part,4
conceal,9
respecting,2
destiny,7
suspected,13
transition,3
weather,39
surmise,4
VI,3
direction,6
decidedly,12
hesitation,9
following,14
assurance,8
hints,6
confident,3
fairest,2
falling,9
scruple,11
praised,5
warmly,17
wanting,33
perception,4
striking,4
improvement,10
least,84
proofs,4
growing,17
graceful,4
attractions,1
infinitely,14
drawing,14
grace,8
artlessness,1
admissible,2
contradict,2
gallant,11
decision,8
points,11
Exactly,7
principally,5
superadded,1
Skilful,1
Great,1
sighing,5
animation,6
lover,5
seconded,1
sudden,20
likeness,21
leaving,10
room,83
stopt,9
naivete,4
sooner,12
exclaimed,12
exquisite,8
possession,5
passion,8
likenesses,2
attempted,6
tolerable,9
disgust,5
delight,20
Let,26
entreat,11
charming,29
drawings,4
Is,20
landscapes,1
flowers,1
inimitable,3
raptures,5
Keep,1
try,21
delicate,10
difficult,7
peculiarity,1
lines,18
mouth,5
use,38
words,49
answering,5
persuaded,31
proposal,10
stand,21
earnest,8
pressing,6
produced,14
portfolio,1
containing,5
portraits,1
finished,12
decide,5
beginnings,1
displayed,2
Miniatures,1
pencil,5
crayon,1
turn,28
progress,9
music,24
labour,4
sang,3
steadiness,4
approached,5
excellence,5
deceived,9
skill,6
artist,2
musician,2
reputation,1
accomplishment,2
higher,10
deserved,10
spirited,3
companions,11
ecstasies,1
pleases,3
performances,1
capital,3
variety,5
faces,3
study,5
sitting,37
stealth,1
kindest,3
unlike,5
Then,19
Henry,22
Bella,3
sheet,1
eager,19
refuse,15
coarser,1
featured,1
mama,2
Here,21
sketch,3
fourth,1
baby,6
sleeping,5
sofa,5
cockade,1
nestled,1
conveniently,2
George,6
corner,7
unclosing,1
pet,1
vowed,1
provoked,3
agreed,20
flattering,4
trouble,15
persuading,5
finish,4
apologised,1
unfavourable,2
forswear,1
husbands,4
wives,4
repeating,2
consciousness,20
declaration,7
wait,22
portrait,1
destined,4
honourable,9
mantelpiece,2
blushing,4
keeping,11
attitude,3
presented,3
mixture,8
fidgeting,1
behind,18
watching,8
touch,12
stationing,1
gaze,3
offence,6
elsewhere,2
occurred,18
employ,7
lessen,4
irksomeness,1
listened,16
peace,12
smallest,20
intermission,1
jump,2
displeased,8
encourager,1
discern,3
complaisance,2
throw,8
considerably,4
filling,1
standing,22
memorial,1
associations,1
promising,5
entreated,3
permission,1
attending,8
party,93
civilities,9
courtesies,1
morrow,7
accompanied,4
rapid,3
continual,9
defended,1
criticism,1
suspecting,5
addressing,9
correct,4
eyebrows,2
eyelashes,1
resemblance,5
effect,17
shade,7
tall,10
Consider,4
presents,2
proportions,1
Proportions,1
prettily,3
Just,6
draws,3
doors,12
shawl,5
shoulders,3
tree,4
safe,20
placing,3
touched,4
Any,3
admirable,3
framed,2
depended,8
doer,1
commissions,1
December,4
stirring,1
fogs,1
alert,3
Might,4
commission,5
executing,1
errand,7
endure,13
desired,12
repetition,5
entreaties,6
assurances,5
frame,2
directions,4
pack,1
ensure,2
safety,10
incommoding,1
mostly,1
fearful,5
incommoded,2
precious,8
deposit,1
tender,13
suit,12
languish,1
principal,8
VII,3
fresh,14
services,1
agitated,10
hurried,8
announcing,4
extraordinary,23
longing,4
Half,2
minute,16
finding,18
parcel,8
besides,14
songs,1
lent,2
copy,1
contained,4
direct,10
wrote,19
fast,13
asking,10
connect,2
pressed,8
expectation,14
grammatical,1
errors,4
composition,1
disgraced,3
language,9
sentiments,7
conveyed,10
writer,4
expressed,10
liberality,2
propriety,7
delicacy,16
paused,5
anxiously,6
forced,11
slowly,6
helped,3
express,15
concise,2
diffuse,1
strongly,7
clearly,3
takes,8
pen,1
Vigorous,1
certain,26
returning,17
speedily,5
intelligible,11
unequivocal,1
doubts,6
demurs,1
expressions,8
inflicting,1
requires,5
unbidden,1
prompted,4
write,24
disappointment,17
Ought,1
Are,8
beg,11
pardon,8
mistake,15
misunderstanding,1
wording,1
reserve,11
continued,38
contemplating,1
persevered,2
silence,20
apprehend,3
bewitching,2
powerful,5
accept,11
hesitate,4
duty,21
thus,12
hesitating,4
safer,5
graciously,4
prefer,6
Does,5
occur,10
definition,2
deceive,3
Instead,3
confused,4
thoughtfully,1
mechanically,1
twisted,1
waited,6
result,6
impatience,5
hopes,21
Perfectly,2
While,20
suspense,6
approving,4
grieved,8
wavering,2
visited,5
surmised,2
forcibly,2
aghast,1
dreadful,16
escape,13
honour,27
Indeed,21
severe,18
pang,2
killed,4
banished,2
conceited,4
conscience,7
opposing,6
censure,6
natured,2
visiting,7
writing,11
consideration,24
thank,24
consolation,10
offending,1
cares,8
advised,4
protest,8
formation,1
sentence,4
replying,2
tendency,4
brace,1
decisive,5
ungrateful,4
sealed,1
bringing,11
invited,15
tone,24
Nor,1
refinement,2
teacher,1
envy,5
conquest,2
appear,36
dark,7
attentions,28
Hitherto,1
explained,3
cheering,2
rejected,4
softly,1
absent,10
original,5
allowing,5
Has,7
modest,3
mounts,1
horse,7
solace,2
opens,1
introduces,1
diffuses,1
prepossession,1
suspicious,2
imaginations,2
grew,10
stronger,8
VIII,3
slept,1
gradually,10
getting,16
appropriated,2
judged,11
safest,3
previously,2
defer,5
induced,12
civility,9
ceremony,7
offering,7
answers,2
amusing,7
contrast,5
protracted,2
apologies,7
hesitations,2
rude,6
sun,6
treat,2
invalids,1
privileged,2
stranger,5
substitute,1
entertain,4
walker,1
pace,5
tedious,1
fetch,6
greatcoat,1
instead,24
likewise,4
seemingly,3
inclined,6
chat,5
voluntary,3
depends,7
Come,13
improved,4
cured,3
giggle,1
bestow,2
overpower,2
Almost,1
intended,16
Something,8
delay,19
gossips,1
Tiresome,1
wretches,1
tiresome,7
contradiction,3
presently,20
smile,44
fix,9
reason,40
confidant,1
dropt,4
hint,19
adviser,1
offer,19
desperately,1
consult,5
considers,4
imprudent,5
speaks,9
judging,8
plans,9
advising,2
esteemed,3
counsellor,2
detained,7
wretch,2
absolutely,32
inferred,4
Was,13
refused,10
red,1
indignation,7
simpleton,2
foolish,9
incomprehensible,1
imagines,1
Nonsense,5
madness,4
clearer,3
admit,10
address,9
loudly,3
calmer,2
asperity,1
infatuation,1
blinds,1
claims,22
relations,4
simple,17
experience,4
wit,11
avail,2
tempered,1
beneath,3
deserts,1
helpmate,1
trust,7
aright,1
extreme,11
crossed,6
partiality,2
statement,1
estimated,1
richest,1
sphere,1
moves,2
degradation,4
illegitimacy,2
legal,1
level,4
allowance,2
grudged,1
indubitable,4
Whoever,2
whoever,2
shift,2
move,18
Till,7
distaste,1
ambition,1
proceeded,13
disinclined,1
haphazard,1
selfish,5
farthest,2
reply,14
assertion,1
contemptible,3
represent,1
slightingly,1
Waiving,1
possesses,1
recommendations,6
philosophic,2
fall,10
minds,4
certainty,10
sought,6
chusing,2
consequently,4
nice,10
comprehending,3
readiness,2
highest,11
possess,2
abusing,2
Better,7
misapply,1
delights,2
bewitches,1
satisfies,2
pick,1
wondered,4
receives,2
perceive,7
unfortunate,7
puff,1
Vanity,2
working,5
weak,6
produces,1
mischief,5
Nothing,19
expectations,4
offers,5
Men,4
connecting,1
obscurity,3
prudent,3
disgrace,2
involved,5
mystery,4
parentage,2
revealed,2
encourage,3
greatly,7
teach,4
desperate,2
canvassing,1
angry,18
application,3
abide,1
refusal,5
tolerate,3
assistant,1
altered,5
errant,1
sincerity,4
unconcerned,2
habitual,1
opposite,7
unpleasant,13
views,17
secret,21
projects,1
laughed,14
disclaimed,1
sentimentally,2
act,14
unreserved,1
thousand,16
pounds,4
apiece,1
doings,1
Good,16
abruptly,5
vexed,4
promoting,1
sanction,4
affair,6
provoking,6
exceedingly,11
indistinctness,1
adversary,1
materially,4
cast,3
adequate,1
restoratives,1
staying,14
uneasy,10
possibility,13
pleading,2
failure,2
prominent,3
uneasiness,9
justify,2
pretensions,2
observer,2
hastily,7
resentfully,1
inconsiderate,2
attentive,10
otherwise,20
war,1
motives,6
effects,5
overcoming,1
prudence,5
originally,1
suggest,2
attend,13
sick,9
Clayton,1
Park,1
remonstrated,1
shabby,2
player,2
journey,12
enviable,1
bearer,1
conscious,11
rode,3
significantly,2
luckiest,3
agreeableness,2
IX,3
forgiven,5
proceedings,2
justified,5
endeared,1
Picture,1
elegantly,3
sighed,2
visibly,2
remembered,6
furnished,2
utmost,13
latter,6
improving,1
chapters,1
intention,7
easier,3
pleasanter,2
imagination,13
range,2
labouring,1
enlarge,1
comprehension,4
sober,3
facts,1
literary,1
pursuit,5
mental,2
collecting,4
transcribing,1
riddles,2
quarto,1
paper,13
ornamented,1
ciphers,1
trophies,1
literature,1
collections,1
grand,4
scale,2
assisted,5
invention,1
recollect,17
worth,30
putting,10
ended,8
Kitty,3
frozen,3
riddle,4
intellects,2
requisition,1
contribute,1
enigmas,1
charades,4
conundrums,1
intently,4
recollections,6
ungallant,1
breathe,3
lips,6
politest,1
puzzles,1
recited,1
charade,19
doth,1
affliction,2
denote,3
destin,1
antidote,1
soften,1
transcribed,2
pages,2
security,3
freshness,3
stupidest,2
fellow,8
inspire,1
inspiration,1
piece,13
table,23
addressed,4
collection,6
expose,5
deep,14
pause,10
Take,3
tremor,1
loth,1
examine,2
CHARADE,1
displays,2
pomp,2
kings,2
Lords,2
earth,5
luxury,4
ease,20
Another,8
Behold,3
monarch,3
seas,3
ah,2
reverse,3
Man,2
freedom,2
flown,2
Lord,3
sea,12
bends,2
slave,2
reigns,3
Thy,2
supply,9
May,8
approval,2
beam,2
pondered,3
caught,22
passing,19
puzzling,1
confusion,15
dulness,3
addresses,3
Approve,1
Soft,1
epithets,1
justest,1
Humph,4
benefit,5
convince,9
Things,2
crisis,4
observations,7
length,6
eagerness,10
kingdom,4
Neptune,1
Or,4
trident,1
mermaid,2
shark,3
syllable,10
Mermaids,1
sharks,1
Give,2
listen,18
cream,1
follows,1
Read,2
resist,5
concluding,4
pointed,5
receive,9
completest,1
clear,11
Its,4
eligibility,1
congratulate,5
confirm,1
alliance,7
embraces,1
articulate,1
arrive,5
acknowledgment,5
verses,2
Could,12
Receive,1
prologue,1
play,18
motto,1
chapter,1
prose,3
month,13
strangest,1
Smiths,1
Eltons,21
courts,1
respective,1
homes,3
sends,3
channel,1
smooth,6
edition,1
Shakespeare,1
passage,14
Michaelmas,1
handsomest,3
invitations,6
Church,1
texts,1
preached,1
Abbots,1
ran,9
front,6
peeped,1
scolded,2
staid,8
Cole,60
provided,5
conduct,25
fools,2
phrase,5
rise,5
satisfy,10
nicely,5
studied,2
twelvemonth,3
declining,4
exception,5
intent,3
comparisons,1
cheeks,4
glow,6
rejection,1
Leave,4
beaming,1
Trust,1
Granted,1
private,12
divide,2
couplet,1
ceases,2
poet,2
capacities,1
submitted,6
parts,2
publicity,1
lasts,2
pays,4
tenderest,2
refine,2
betray,5
improperly,2
affix,1
affixed,1
overpowered,4
tribute,2
secrecy,3
pushed,4
proceed,12
souls,1
ridiculous,5
recurrence,2
inquiry,12
dears,2
Have,19
fairy,2
distinctly,7
explanations,3
complimentary,2
conclusion,8
Aye,13
Woman,2
nodded,1
stanza,1
Kindled,1
flame,1
deplore,2
aid,2
Though,8
near,46
approach,7
fatal,1
page,2
Garrick,1
christened,1
Catherine,1
grandmama,12
nursery,2
Easter,2
lawyer,3
sadly,3
necessity,10
28th,2
thankful,5
promises,4
musing,3
accomplish,2
Unwelcome,1
submissive,2
affected,7
branch,2
eldest,8
chair,11
Grandpapa,1
string,3
knife,1
knives,1
grandpapas,1
rough,3
papas,1
boys,13
hardy,1
misbehave,1
sharp,2
tosses,1
ceiling,1
frightful,2
whichever,1
Later,1
preparation,7
hero,2
discerned,3
push,1
die,5
ostensible,3
dining,5
promised,17
conditionally,1
thanked,7
disappointing,2
rubber,1
bow,3
amiss,6
Of,12
doubtingly,2
glanced,2
examined,2
smilingly,1
writes,10
effusion,2
honoured,4
replacing,1
proudest,1
parade,7
speeches,4
apt,7
incline,2
laugh,16
indulge,7
sublime,1
X,3
charitable,4
Their,9
detached,1
cottage,6
Vicarage,11
lane,5
leading,8
angles,1
broad,7
irregular,2
main,2
street,8
abode,1
dwellings,1
rose,8
smartened,1
proprietor,2
slackened,1
observing,8
remark,6
yellow,3
curtains,1
admires,1
intimately,1
hedges,2
gates,5
pools,1
pollards,1
exteriors,1
probabilities,2
class,5
contrive,4
pretence,9
housekeeper,11
message,11
induce,7
tempted,10
recollecting,3
inducements,1
fool,3
Fortune,1
formidable,3
image,1
prosing,1
undistinguishing,1
unfastidious,1
relative,5
unmarried,1
Never,11
poverty,2
celibacy,1
narrow,4
sport,2
candour,5
contract,1
sour,1
barely,5
perforce,1
illiberal,1
apply,2
Poverty,1
contracted,1
shilling,2
sixpence,1
resources,10
occupations,1
variation,2
affections,11
avoided,4
sensation,6
fear,11
parent,2
warmer,6
blinder,1
nephews,4
nieces,2
niece,21
Heaven,4
forbid,3
Knightleys,7
Fairfax,232
stomacher,1
knit,1
garters,1
grandmother,9
tires,1
death,10
topics,3
superseded,2
compassionate,4
distresses,1
relief,9
counsel,4
purse,3
temptations,1
romantic,1
virtue,3
troubles,2
sympathy,5
intelligence,13
sickness,2
remaining,3
impression,7
scene,5
sights,2
trifling,8
creatures,6
vanish,1
hedge,2
tottering,1
footstep,2
slippery,1
path,4
stopping,5
wretchedness,5
recall,3
bend,4
trial,4
stability,2
exertion,6
sufferers,1
wretched,12
empty,1
distressing,7
joined,17
sufferings,5
parley,2
accompany,3
increase,12
Anxious,1
footpath,3
imitation,1
stopped,14
alteration,2
lacing,1
stooping,3
begged,10
boot,4
overtaken,2
setting,9
orders,1
pitcher,1
broth,1
acting,8
ahead,1
obligation,5
involuntarily,2
around,13
join,23
detail,2
experienced,1
Stilton,1
cheese,1
north,1
Wiltshire,1
butter,2
cellery,1
dessert,2
consoling,2
interests,2
serve,3
quietly,9
pales,1
arrange,3
broke,1
lace,6
dexterously,1
throwing,1
ditch,1
stop,13
acknowledged,12
inability,1
rights,5
ribband,1
proposition,3
exceed,4
alertness,4
conducting,1
communicated,8
ajar,2
fully,16
incessant,5
practicable,3
lovers,3
windows,9
aspect,1
glory,2
schemed,1
successfully,2
purposely,2
gallantries,1
allusions,1
Cautious,1
cautious,6
advances,1
inch,3
hazard,4
believes,1
Still,6
ingenious,2
device,3
XI,3
superintend,1
quicken,1
measures,2
anticipation,4
reality,2
henceforth,1
prime,1
fortuitous,1
advance,4
rapidly,6
somehow,5
Surry,9
exciting,5
vacation,1
holidays,1
autumn,7
nervously,1
apprehensively,1
forestalling,1
fatigues,2
coachman,5
alarms,2
needless,3
competent,3
reaching,4
bustle,10
arrival,13
variously,2
dispersed,2
noise,5
endured,7
respected,2
maternal,1
solicitude,13
ones,4
instantly,14
attendance,4
drinking,5
playing,9
disturbance,2
restless,2
wrapt,2
doating,2
tenderly,1
ties,1
inherited,2
also,23
fears,13
Wingfield,10
alike,7
benevolence,4
habit,13
profession,3
reserved,9
prevented,9
capable,6
humour,10
unreasonably,3
reproach,9
perfection,9
worshipping,1
defects,1
clearness,4
ungracious,4
escaped,7
injuries,1
calmly,3
blindness,7
regardless,2
forbearance,8
peculiarities,1
fidgetiness,1
remonstrance,2
retort,1
charity,6
properest,1
unsullied,1
cordiality,2
seated,12
shake,9
grievous,1
agrees,2
Papa,3
plaintive,2
Either,3
excepting,11
false,3
extent,6
exact,4
letters,38
doubted,9
disengaged,11
forget,28
strike,2
convenience,5
aside,4
Me,9
advocate,3
misery,12
slighting,2
existed,1
Excepting,2
flying,1
kite,1
windy,2
September,5
scarlet,1
fever,5
Cobham,1
Whether,3
passes,3
fly,3
exceeding,1
Weymouth,17
dated,1
Madam,1
signed,2
coolly,8
finds,1
depending,1
whist,2
affords,1
bordered,2
whence,2
resulted,1
XII,3
disagreement,3
procuring,5
Concession,1
quarrelled,3
assist,13
restoration,1
danced,8
arms,2
unceremoniousness,1
amity,1
sauciness,1
estimate,2
whim,1
dealings,2
discordancies,1
lives,7
lapse,1
understandings,1
Tell,4
example,4
renewing,2
grievances,1
Little,5
argument,4
bitterly,2
disappointed,20
succeeded,11
English,8
burying,1
calmness,6
indifference,14
requisite,3
conversable,3
declined,7
subjects,11
rarely,2
mixing,1
occasionally,5
communicative,3
magistrate,1
law,6
curious,3
anecdote,1
field,2
local,3
fail,5
longest,2
attachments,1
drain,1
fence,1
felling,1
destination,2
acre,1
wheat,1
turnips,1
spring,14
corn,1
equality,4
cooler,4
rendered,7
interrupting,1
labours,1
terribly,2
tired,19
bed,10
unpersuadable,3
article,5
basins,1
ordered,10
discourse,2
South,8
End,8
strenuously,1
weakness,2
throat,11
bathing,4
unsafe,1
envious,2
miserable,10
prohibited,1
forgets,1
bilious,3
tells,11
practice,3
calling,19
attributed,1
embrocation,2
applying,2
August,3
Bateses,5
ashamed,27
colds,4
prevalent,1
heavy,9
influenza,1
sickly,4
Our,8
confound,1
neighbourhood,15
airy,3
vicinity,1
palpitations,1
pale,4
turning,24
Middling,1
fatigued,4
doctoring,1
coddling,1
Graham,1
intending,4
bailiff,1
Scotland,1
prejudice,2
praising,1
accidentally,2
excessively,12
Colonel,38
Campbell,50
topic,3
discussed,1
similar,3
harmony,2
agitation,16
comments,1
undoubting,1
wholesomeness,1
Philippics,1
houses,8
unfortunately,6
failures,1
recent,3
cook,1
hired,1
Often,1
dangerous,8
shaking,4
fixing,1
ejaculation,1
ear,5
consequences,2
rumination,1
suffice,1
restore,4
relish,1
interval,5
moreover,5
unhealthy,2
mud,1
Cromer,3
holds,5
pure,1
lodgings,1
consulted,4
stake,2
travel,6
reached,16
breaking,3
coast,1
drugs,1
sarcastic,1
dryness,1
convey,5
True,6
interposition,1
moving,9
Langham,1
cut,16
meadows,4
conceive,5
proving,4
maps,1
harsh,1
reflections,6
unconsciously,2
attributing,1
soothing,2
renewal,3
XIII,3
swiftly,1
mornings,1
engagement,28
avoiding,5
denial,3
preference,12
division,3
amounted,1
occupy,7
carriages,11
especial,1
numbers,7
24th,1
doom,1
feverish,1
sore,6
excluded,3
unavoidable,1
absences,1
representing,3
comfortless,1
advanced,3
invalid,4
carry,8
glowing,2
despatch,2
roast,4
mutton,3
rice,1
pudding,1
hastening,1
describing,2
complaint,7
inflamed,1
heat,8
pulse,2
liable,5
alarm,16
infectious,2
putrid,1
risks,1
tranquillised,2
excess,1
remain,14
feed,1
snow,16
interfere,3
hoarse,2
demand,1
previous,9
conceptions,1
impartially,1
vision,1
muttering,2
rejoicing,1
extricated,1
civilly,2
accepting,6
prompt,6
exulting,2
Most,5
employments,1
dignities,1
duties,3
Soon,3
naming,3
parting,13
assuring,2
news,35
prepared,15
balance,1
works,1
overlook,3
moderate,6
negligent,5
slyness,1
astonishment,5
imagining,2
regulate,1
behaviour,24
accordingly,3
ascertain,3
blunders,6
mistakes,1
increasing,9
coldness,7
shrinking,1
punctually,3
motion,5
flakes,2
sky,1
overcharged,2
milder,1
white,7
happiest,7
abroad,8
sacrifice,9
disagreeables,1
drive,12
expressing,8
discontent,1
encounter,5
absurdity,2
Actually,2
snowing,3
folly,11
deem,2
thinner,1
clothing,1
defiance,2
shelter,2
dull,8
Going,2
dismal,1
servants,14
shivering,1
colder,1
rooms,14
assent,3
emulate,1
usually,4
administered,1
travelling,5
complying,3
quarrelsome,1
heroism,2
glasses,2
wrapped,1
arrived,17
step,11
spruce,1
dressing,1
Much,8
lengthened,1
dress,8
flattered,4
cordial,5
complaints,4
Dreadful,2
estimable,1
lasted,3
dismay,1
sheepskin,1
precautions,1
contrivances,1
modern,5
fenced,1
guarded,3
breath,3
unpermitted,1
Weather,1
afternoon,6
Ha,2
snows,1
Quite,13
seasonable,1
extremely,65
invites,1
snowed,2
astonished,7
fires,2
Charming,3
values,1
hospitable,1
select,1
accommodate,2
enter,8
slavery,1
paid,19
XIV,3
joyous,3
disperse,1
related,4
arrangements,2
perplexities,3
uninterrupted,1
communication,9
gratifications,1
oddities,1
enjoy,8
enjoyable,1
engrossed,2
project,2
insensibility,2
elbow,1
continually,6
obtruding,1
solicitously,1
avoid,13
internal,1
suggestion,2
transfer,2
Absurd,1
insufferable,6
Yet,3
zeal,4
effort,5
preserve,3
positively,10
amongst,3
overpowering,1
reviving,1
replete,2
coupled,1
sensations,13
appearing,5
polite,2
substance,7
released,1
saddle,1
assented,1
sacrifices,2
January,5
secrets,1
stir,7
invite,11
issue,2
nodding,5
vagaries,1
calculate,2
whims,4
caprices,1
stone,2
devil,1
wishing,17
undergoing,1
sanguine,7
stands,1
rules,3
spare,12
blessing,12
instinctive,1
confinement,2
gladly,3
apprehensive,4
delays,4
Braithwaites,1
jealousy,4
jealous,3
teazed,1
decides,1
caution,13
individual,2
nephew,15
owes,3
exercises,1
XV,3
lateness,1
chatty,2
convivial,1
separations,1
augmentation,1
improprieties,1
awake,2
terror,5
perverse,2
infection,3
earnestness,3
learnt,2
concealing,4
inconstancy,2
abominable,6
behaving,3
implore,1
Would,5
persuasions,1
disorder,3
scrupulous,4
careless,3
nurse,2
catching,5
ulcerated,1
Judge,1
complain,4
assuming,4
offended,4
removing,3
reproof,3
succeed,5
examining,4
opened,16
covered,3
drifting,1
wind,3
prove,11
engagements,9
storm,3
consternation,2
pursuing,2
unfeelingly,1
impassable,2
blown,1
bleak,1
midnight,1
confessing,4
lest,2
hurrying,9
impede,2
accommodation,6
contrivance,1
lodged,2
exclamation,3
representation,3
revived,3
blocked,1
adventurous,1
accumulations,1
drifted,1
along,4
Walk,1
shod,1
approve,6
discussing,1
sweep,2
nowhere,2
whiten,1
clouds,2
coachmen,1
tidings,3
appeased,2
urging,2
recommending,5
brief,2
Shall,5
ring,1
bell,2
rung,1
deposited,1
cool,6
recover,5
carefully,3
discovery,8
darker,2
stept,3
escorted,2
lawfully,1
shut,9
suspicions,12
restrain,3
gravity,2
seized,5
demanded,1
violent,2
availing,1
declaring,1
hoping,7
fearing,1
adoring,1
ardent,2
unequalled,1
unexampled,1
resolved,27
seriously,16
Without,3
apology,5
diffidence,2
professing,1
vainly,1
Angry,1
resolve,10
drunkenness,1
Accordingly,1
deliver,1
accent,5
boastful,1
amazement,4
Command,1
drunk,1
elevate,2
confuse,1
protested,2
suspicion,20
injurious,2
slightly,3
acknowledging,5
resumed,9
urgent,2
inebriety,1
presumption,7
fewer,4
struggles,1
politeness,6
witnessed,4
unsteadiness,2
Believe,1
professions,6
dead,2
alive,3
misled,2
sole,3
marking,3
adoration,2
insinuating,1
uppermost,1
joyously,1
interpret,1
confesses,2
error,8
attraction,8
Am,3
madam,11
affronted,2
respectably,1
Sir,3
ends,1
misconception,1
inequality,4
supplication,1
swelling,2
resentment,8
emotions,2
zigzags,1
embarrassment,4
indispensable,3
coldly,1
proudly,1
indescribable,2
irritation,4
trembling,5
dangers,2
solicitous,4
perturbation,4
needed,2
separating,1
XVI,3
curled,1
overthrow,1
development,2
unwelcome,4
blow,3
humiliation,3
doubled,1
unmarked,1
dubious,1
jumble,1
unnecessarily,2
instant,8
indebted,4
start,5
denying,6
indiscreetly,1
shewn,10
mortifying,5
respects,6
Contrary,1
sunk,10
proposals,3
insulted,1
arrogance,3
pretended,1
Sighs,1
abundance,5
devise,1
allied,1
aggrandise,1
enrich,2
heiress,1
gradations,1
younger,2
ancient,1
landed,1
inconsiderable,2
notch,1
belonged,6
sources,2
secondary,2
alliances,1
raving,1
incongruity,1
honesty,1
complaisant,1
courtesy,2
motive,9
warrant,2
ordinary,2
observation,12
misinterpreted,2
adventuring,1
trick,5
introducing,5
William,22
Coxe,2
pert,3
relapse,1
dispiriting,1
cogitation,1
explanation,14
future,16
continuing,5
discontinuing,1
subduing,2
eclat,1
unmirthful,1
blundered,1
temporary,2
gloom,2
analogy,1
operation,4
poignant,2
unclosed,1
softened,5
brighter,2
alleviations,2
disappoint,3
acute,2
retentive,1
principals,2
asunder,2
Day,2
atmosphere,1
unsettled,1
frost,1
thaw,1
unfriendly,1
freeze,1
prisoner,1
excuses,8
absenting,2
confine,1
wise,7
seclusion,5
cleared,4
amiableness,1
hanging,3
XVII,3
lamentations,1
doated,2
innocently,2
feminine,1
ceremonious,3
proposing,2
Bath,19
compliance,2
regretted,4
impossibility,4
retain,1
commands,1
agreeably,5
announced,5
Resentment,1
pointedly,2
solemnity,1
acknowledgments,1
lonely,1
promptitude,1
recovered,11
undergo,1
penance,6
destroy,4
industriously,2
feeding,1
grossly,1
convictions,2
prophecies,1
confession,4
renewed,3
blaming,1
testifying,1
ingenuousness,1
lowly,1
modesty,1
attaching,1
abundantly,1
artless,4
dignity,5
console,1
resemble,1
welfare,4
discreet,3
repressing,1
promote,4
method,3
unvarying,1
striving,2
Time,7
inadequate,2
sympathise,1
extinction,1
composure,7
routine,1
betraying,2
maintained,4
resolutely,6
inevitable,4
strive,1
evident,8
persisting,2
removal,6
effecting,1
cooling,1
moderation,2
repellent,1
wound,2
cure,14
XVIII,3
distant,9
occurs,1
proportionate,1
depression,1
flies,2
begins,3
restored,5
foresaw,3
suffer,13
suffered,11
temptation,8
self,5
announce,7
ending,3
perceived,10
arguments,2
unnatural,3
luxurious,3
contrived,6
master,13
tempers,1
conceived,3
limb,1
amount,4
rid,4
idlest,1
haunts,1
proves,1
unfair,4
interior,1
chuses,4
manoeuvring,1
finessing,1
vigour,1
messages,1
rightly,4
simply,2
mark,3
opposition,2
situations,6
provide,4
Standing,1
loud,5
shifts,1
expedients,1
Respect,2
meanly,1
exerting,2
hearts,1
principle,5
consistently,1
bending,1
knack,1
unmanageable,2
transported,1
obedience,2
observance,2
burst,13
nought,1
roused,2
opposed,4
yielding,1
notions,6
expert,2
flourishing,1
falsehoods,1
hit,3
preserving,2
preventing,2
singular,1
doubly,3
omission,2
signified,2
behindhand,2
French,1
aimable,1
plausible,1
treasure,3
virtues,2
throughout,4
parishes,2
chattering,1
coxcomb,3
farming,2
enable,2
require,7
breathing,2
king,1
practised,3
politician,1
conduce,2
display,3
dispensing,1
flatteries,1
puppy,2
prejudiced,2
Prejudiced,1
sins,3
presumed,5
imperfection,2
contributing,1
scanty,2
counteract,3
waste,2
floor,2
apartment,2
cordially,4
knitting,2
warmest,8
thanks,11
beaufet,1
Coles,16
Master,1
ball,29
commendation,2
handsomely,4
wander,2
Mistresses,1
Misses,1
jumped,2
usher,1
dancing,32
inquiring,4
unexpected,4
eagerly,11
hunting,1
huswife,2
hid,1
apologise,2
fills,1
crosses,1
Hetty,2
pore,1
amazingly,2
God,8
spectacles,8
handwriting,5
beautifully,3
deaf,4
twice,6
pondering,2
meanwhile,6
deafness,1
raising,3
remarkable,3
deafer,1
Friday,3
Saturday,7
Tuesday,7
Wednesday,2
Three,3
Campbells,25
Ireland,14
Dixon,41
impatient,12
kingdoms,1
countries,1
declare,12
press,3
Dublin,1
blame,6
animating,3
insidious,2
excused,3
accompanying,2
backward,1
whirling,1
sails,1
dashed,2
presence,4
prefers,1
devoting,2
wisely,1
7th,1
hang,1
considerate,3
unwell,7
Holyhead,1
Monday,2
flurry,1
drawback,6
poorly,2
unlucky,4
Bless,4
guard,5
story,13
glancing,5
urged,1
detain,2
regained,1
orphan,1
Lieut,1
regiment,1
infantry,1
fame,3
save,6
dying,1
action,6
sinking,6
consumption,2
fondling,1
limited,3
engrafted,1
officer,1
deserving,4
saved,6
England,10
guest,2
nine,3
fondness,2
educating,1
appointments,1
subsistence,1
hereafter,3
Living,1
discipline,2
culture,2
lighter,1
masters,1
abilities,3
nineteen,1
qualified,2
instruction,1
sharing,2
judicious,3
sobering,1
suggestions,2
remind,2
unseen,3
unfelt,1
unabated,1
defies,1
eligibly,1
bread,3
earn,2
fortitude,4
novitiate,1
retire,1
retained,1
wiser,4
resisted,2
relinquished,1
compatible,1
weakened,1
varying,1
human,10
discharged,1
truths,4
double,3
treble,1
recovery,1
Certain,1
welcoming,2
novelty,2
accusation,1
refuted,1
acquit,5
eternal,2
fuss,1
reasons,2
imputed,2
magnified,1
injured,4
depreciating,1
medium,2
fat,1
likeliest,1
grey,1
denied,4
skin,3
cavil,1
colour,4
fuller,3
reigning,1
admire,9
twofold,1
complacency,3
rendering,1
determining,1
entitling,1
started,3
pitiable,2
seduced,1
actions,1
mischievous,1
suggested,6
successless,1
sucking,1
poison,2
sharer,1
purest,1
resolving,4
effectually,3
career,1
laborious,1
Before,7
committed,3
recantation,1
prejudices,1
relapsing,1
Former,1
provocations,1
reappeared,3
description,7
ate,2
exhibitions,1
caps,2
workbags,1
offences,2
necessarily,6
affectation,2
greatness,1
performance,7
Wrapt,1
cloak,1
disgustingly,2
suspiciously,2
Dixons,3
bent,2
insight,1
suitableness,1
smoothness,3
delineated,1
distinguished,3
artifice,2
surmises,1
changing,3
procure,4
Manners,1
forgive,7
provocation,1
openly,6
papers,3
swept,2
entertained,3
undone,1
instrument,24
indulgence,7
deficient,5
muffin,1
handed,4
arch,2
arises,1
discretion,4
perseverance,4
Once,1
appease,1
porker,1
loin,3
leg,6
pork,11
steaks,1
fried,2
grease,1
salted,1
boils,1
turnip,1
carrot,1
parsnip,1
hither,3
News,1
Full,2
quickest,3
bountiful,2
sound,11
implied,4
bonnet,3
spencer,1
Patty,12
washing,1
Hawkins,19
desires,2
regards,2
oppress,1
lot,1
goodly,1
heritage,1
sly,3
precise,2
neighbour,8
joyfully,1
absorbing,1
starting,1
appeal,2
standard,1
pew,2
bath,1
wonderings,1
worn,2
whispered,3
discoveries,4
aspired,2
lets,1
chatter,1
talkative,3
runs,2
strictly,2
Handsome,1
shower,2
lamented,2
strangers,1
detaining,2
rush,2
heated,3
thither,4
evidence,2
corresponding,1
unchecked,2
pour,1
gown,7
Ford,14
haberdasher,1
shop,8
dealt,1
fainted,2
umbrella,1
buyings,1
whispering,4
tremble,2
ca,1
courage,6
stables,2
floated,1
kindly,11
sincerely,7
described,5
wounded,1
genuine,3
disturbed,6
Ambition,1
discerning,1
exerted,1
trifle,4
rejoice,6
subordination,1
learned,2
serviceable,2
deadening,1
shock,7
retaining,1
seeking,1
hitherto,7
condescension,2
Human,1
dies,1
circulate,1
Christian,2
series,4
debased,1
deeply,10
gay,6
caring,3
defying,1
Augusta,4
thousands,4
thereabouts,1
rapidity,3
distinguishing,6
glorious,1
steps,7
accidental,3
rencontre,3
Green,1
Brown,1
blushes,1
richly,2
scattered,3
sweetly,2
congratulated,2
fearless,1
cautiously,1
preparations,3
bride,12
During,1
pique,1
pretension,2
spread,7
inseparably,1
moral,1
lesson,3
profitable,1
administer,1
lessened,2
Many,5
solicitudes,1
awkwardnesses,1
individually,1
vaunted,1
disdain,4
attainable,1
uncertain,2
blood,5
Bristol,8
merchant,1
profits,2
mercantile,1
hazarded,2
guessed,7
drudge,1
attorney,1
stupid,4
grandeur,3
alas,1
vacancies,1
reappearance,1
glimpse,4
somewhere,3
shoulder,1
favouring,2
warmth,11
conjecture,3
perpetually,2
furniture,2
invariable,1
irritated,3
ceaseless,2
repetitions,2
hat,1
allowable,4
entertainment,6
waverings,1
variations,1
Sometimes,2
predominated,1
check,5
unhappiness,2
dared,10
driven,2
dissipate,1
occasioned,4
Absolute,1
neglect,6
ingratitude,3
determine,4
formal,4
Mill,4
drove,3
applications,3
recurrences,1
glossed,1
Small,1
stars,1
trunk,2
lifted,1
butcher,2
cart,1
coaches,1
gravel,2
espalier,1
revive,1
portion,3
gate,1
summons,2
unattended,2
solitarily,1
collected,9
merest,1
commonplace,3
measured,1
pencilled,1
marks,2
memorandums,1
wainscot,2
shortness,1
Fourteen,1
thankfully,2
justly,2
resent,4
Impossible,3
separated,3
process,2
refreshment,2
leaned,1
murmurs,1
commonest,1
Presently,2
accosted,1
Oxford,2
dry,4
resisting,1
quieter,1
reanimation,1
exhausted,2
route,1
arm,13
sparkling,2
unconscious,2
innocent,1
Think,3
injunction,3
Four,1
amendment,1
mounted,1
wore,2
sluggish,1
augur,2
geography,1
tranquillity,5
faithful,2
pupil,1
eleven,2
soliloquy,1
downstairs,4
overcareful,1
fidgets,1
clock,1
hall,7
midst,7
liveliness,4
alter,4
earlier,8
quicker,1
creep,1
faster,2
needs,2
presume,10
admirably,1
falsehood,2
handled,1
exaggeration,1
horsewoman,1
Pleasant,2
rides,1
Balls,1
balls,4
musical,14
proportionably,1
fathers,2
reception,4
wisest,3
conferred,1
thanking,3
qualify,1
using,1
extravagant,1
acquiescence,5
detected,3
exemption,2
Happily,3
foreseeing,2
objecting,1
treachery,2
nights,3
unmixed,1
Crown,25
hay,1
errands,1
Barnes,1
Call,1
mixed,5
concurrence,4
fashionable,1
ordinarily,1
gifted,1
tongue,8
hearty,1
puddle,1
sees,3
hop,1
permitted,4
nod,1
engage,7
companionably,1
constant,6
bearing,3
construction,2
amends,4
hyperbolical,1
securing,3
confessed,2
oftener,4
quest,2
positive,4
insincere,2
Inn,2
built,2
club,3
sashed,2
contemplate,1
capabilities,2
environs,1
furnish,2
particulars,13
argued,1
prevail,4
inclinations,2
inelegance,1
holding,1
cheap,2
facing,1
recollected,3
successful,3
preparatory,4
betrayed,6
Ten,3
utter,4
Ill,1
Ladies,3
deplorable,3
defence,2
hue,2
peculiar,7
fortunately,2
disputing,1
attends,1
informs,1
inconvenient,1
citizen,1
buy,1
sell,1
gloves,4
patriotism,1
adored,1
popular,1
guinea,1
sleek,1
parcels,3
Beavers,1
York,1
Tan,1
displaying,1
counter,2
stretch,2
pronounce,2
commit,2
claiming,1
discreetly,1
leaves,1
conclude,6
hesitatingly,3
plays,4
Proof,1
vouchsafed,1
sensibility,6
sounds,3
recur,3
oneself,2
stupidity,2
improper,4
quickly,7
checking,3
scenes,1
outwardly,1
critical,2
wickedness,2
prone,1
idolized,1
repulsive,1
quality,2
Oftentimes,1
conquering,1
Intimacy,1
perpetual,4
cautiousness,1
pitied,2
shared,2
blockhead,3
Used,1
accommodations,2
inevitably,2
inroads,1
butler,2
pantry,1
willingly,2
freak,1
chaise,4
foppery,1
accord,1
rationality,1
unselfish,1
extravagance,2
restlessness,3
heedlessness,1
charges,1
comment,1
blot,1
marked,3
joint,3
harshly,1
leniently,1
allowances,3
excesses,1
bowed,3
bows,1
newspaper,1
Hum,1
relieve,3
provoke,1
Although,1
bearers,1
opportune,1
occurrence,3
unpretending,3
unexpensively,1
yielded,2
larger,8
expenses,1
insult,1
accounting,1
assembled,4
consisting,1
dance,21
bare,2
acted,4
owned,4
solicited,1
draught,5
readily,7
persuadable,1
briefly,1
neglecting,3
numerous,3
resigned,2
Late,1
dews,1
desirous,2
incumbent,2
lessening,1
allay,1
deliberately,2
treatment,7
decline,2
breaks,1
mortify,1
reminding,2
touches,2
malt,1
liquor,1
risk,6
hurting,1
piquet,1
hungry,3
concealed,2
unspent,1
undaunted,1
moralised,1
impudent,2
Wickedness,1
handle,1
gloried,1
achievement,1
ostentation,1
evasions,1
defend,1
inference,1
failings,1
propensity,1
amply,2
noticing,3
helping,1
slices,1
practise,3
plentiful,1
owner,1
bravado,1
unconcern,1
taller,1
Nonsensical,1
strongest,5
dexterity,1
unobjectionable,1
male,1
Cox,8
females,2
politics,1
surrender,2
pleasantness,2
remote,1
relating,2
pianoforte,22
square,1
dialogue,2
ensued,1
Broadwood,2
bewildered,3
rejoiced,3
delightfully,8
instruments,1
slap,1
pitifullest,1
spinet,1
indulging,4
entrapped,1
Nay,7
untouched,1
testifies,1
acuteness,1
mode,1
elderly,2
guide,2
extend,1
reflect,2
privation,1
trying,23
February,7
March,1
cases,2
adopt,3
noble,5
honestly,3
accident,1
overboard,1
vessel,1
consequent,1
durable,1
observable,1
interrupted,10
courses,1
orderly,1
dish,1
injure,2
unconvinced,1
reasonings,3
giver,1
paternal,1
amid,1
everyday,2
remarks,1
jokes,1
entree,1
exult,1
blooming,1
heartily,6
unsentimental,1
pangs,1
shedding,1
purchased,1
guilt,3
dwelling,1
pedal,1
unsuspicious,5
heroine,1
en,1
passant,1
divined,1
restrained,2
Smiles,1
hated,1
abundant,1
despise,1
questioned,4
visitings,1
reasonably,1
retirement,4
boast,2
across,7
rousing,2
outree,1
curls,1
Irish,4
colours,1
improvidently,1
distinguish,2
soul,3
thoughtful,5
assisting,3
humane,1
humanity,3
unostentatious,1
disinterested,4
See,2
consent,14
amazed,4
imprudence,3
revolts,1
mad,9
Imprudent,1
sheep,1
library,1
shameful,2
haunting,1
petticoat,2
petticoats,1
mimic,1
divert,1
irritate,1
louder,3
drown,1
mysteriously,1
lamenting,2
reproached,1
sign,3
combated,1
gaining,2
yield,4
limitations,1
perform,2
accompaniment,1
song,5
correctly,1
duly,1
accused,1
roundly,1
asserted,2
resign,1
vocal,1
instrumental,1
sung,2
voices,3
momentary,5
interruptions,1
objections,4
subside,2
injury,3
deduction,2
touchstone,1
conveying,1
cutting,5
indicate,1
disinclination,2
dwell,4
Surprizes,1
enhanced,1
oath,1
Towards,1
thick,4
fatigue,2
falls,1
indignantly,1
touching,2
Go,3
mercy,3
concert,1
performers,1
originating,1
space,4
waltz,1
top,3
dancer,3
mustered,1
rarity,1
suddenness,2
matched,1
partner,11
dances,5
languid,1
dignified,2
repaid,1
splendour,2
Perfect,1
transgressed,1
submission,3
unfeignedly,1
unequivocally,1
idleness,1
vigorously,3
comforted,3
lamp,2
sunshine,1
valued,4
execution,2
Italian,1
Besides,3
Coxes,5
producing,4
dined,2
Anne,3
impertinently,1
swayed,1
muslins,1
traffic,1
busiest,1
stray,2
obstinate,1
mule,1
liveliest,1
tray,1
tidy,1
homewards,1
basket,4
curs,1
quarrelling,3
bone,1
dawdling,1
baker,1
eyeing,2
gingerbread,1
enlarged,1
knocked,2
Immediately,1
shopping,1
fidget,1
palatable,1
wretchedest,1
reward,2
muslin,1
figured,1
ribbon,4
Should,3
Voices,1
job,3
fastening,1
rivet,7
Saunders,1
hindered,1
kitchen,1
chimney,1
sweeping,1
baked,8
apples,15
Wallis,3
Wallises,1
uncivil,1
custom,3
eats,2
gets,4
apple,3
fruit,4
oblige,3
ribbons,1
ye,2
wrist,1
medley,1
fasten,2
exceeds,1
fondest,1
closet,1
baking,1
sack,1
trees,3
orchard,2
famous,3
shocked,7
Larkins,13
distressed,5
bushel,1
bake,1
boil,1
Hodges,5
sacks,1
signify,3
remainder,1
unluckily,1
upstairs,1
narration,2
pursued,1
desultory,1
staircase,3
narrower,1
deprived,1
slumbering,1
deedily,1
Busy,1
calculated,3
livelihood,1
silversmith,1
uninterruptedly,1
unevenness,1
wedging,1
emotion,3
bars,1
feebly,1
discrimination,1
pronounced,3
notes,1
prize,4
whisper,4
random,2
indefinite,1
contingencies,1
conveniences,1
Conjecture,1
aye,2
conjectures,4
workmen,1
tongues,1
labourers,1
conjecturing,1
restoring,1
healed,1
waltzes,1
worlds,2
tune,1
coloured,2
melodies,1
shews,3
incomplete,1
compunction,1
apparently,4
cherishing,1
reprehensible,1
key,4
Shortly,1
descried,1
chamber,1
casement,1
commandingly,1
listeners,1
scepticism,1
deliberating,1
store,2
watches,1
Instances,1
successively,1
accrue,1
felicities,2
wicked,1
aids,1
pacing,1
dimensions,2
discovering,1
largest,1
readiest,1
undertook,1
reckoning,1
portioning,1
Gilberts,1
Five,1
Gilbert,5
cousins,2
speculation,5
supper,8
score,2
wild,3
thoughtless,4
inconsiderately,1
resorted,1
deemed,4
endeavoured,4
magnificent,2
demurred,1
crowd,8
gravely,5
measuring,1
art,2
Exquisite,1
forgave,1
purposes,1
certified,1
terrors,1
waits,1
projected,2
exchange,2
repeat,1
explain,4
representations,1
inn,2
aired,2
inhabited,1
bodies,1
Open,1
surely,3
Dancing,1
sash,1
complains,2
Stokes,3
undertakes,2
carefulness,1
measles,4
wrap,1
council,2
forlorn,3
candlelight,2
clean,1
exchanged,1
Women,1
nonsenses,1
perplexity,4
ballroom,4
voted,1
selves,3
draughts,2
miserably,3
crowded,2
sandwiches,1
scouted,1
infamous,1
fraud,1
briskly,2
stairs,4
chief,3
Suppose,1
properer,1
Fetch,1
Both,2
Undoubtedly,1
Long,2
minor,1
lights,1
trifles,2
approver,1
fro,1
suggesting,2
overhearing,3
term,1
feasible,2
proceeding,4
uncertainty,5
prosperous,4
affording,2
noisy,2
Pleasure,1
Fine,1
aimed,2
indignant,2
reprobating,2
hearted,1
Alas,3
joyful,3
urge,5
unwillingness,4
forwarded,1
repugnance,1
finale,1
exclaim,6
reflected,3
total,3
redeem,1
dejection,1
horrid,1
seize,2
destroyed,2
Happy,3
doubtfully,1
surpass,2
consciously,1
argumentative,1
hesitated,4
forerunner,1
Forcing,1
reflecting,1
completed,3
incapable,2
procrastinating,1
correspond,1
correspondent,3
Short,3
constancy,2
listlessness,1
weariness,2
insipid,1
oddest,3
triumphant,1
contradicted,1
opportunities,2
woeful,1
odious,3
headache,4
impute,2
unbecoming,1
languor,2
dialogues,1
inventing,1
imaginary,4
quit,4
struggle,2
foresee,3
replies,2
negatives,1
allusion,3
denotes,1
inexcusable,1
supposition,1
build,1
perusal,1
undervalued,1
exterior,1
attractive,2
precision,1
flourishes,2
keenly,1
restraints,2
unadorned,1
wreath,1
Compressed,1
lowest,1
adieus,1
Gratifying,1
stimulative,1
folded,1
unchanged,1
subsequent,4
clothed,2
advantageous,1
speculations,1
confirming,1
behalf,1
latest,4
disappearance,3
attained,1
soothings,1
ingenuity,2
convincing,2
submissively,1
Deceived,1
painful,5
exert,5
violence,1
Want,1
tenderness,6
Warmth,1
beat,3
invaluable,1
names,3
changes,1
devotion,2
retreated,2
vexatious,1
Compliments,1
shorten,1
unpretty,1
permit,1
hasty,5
witty,2
clothes,1
bashfulness,1
affectedly,3
composedly,2
shine,1
familiar,3
Maple,31
Grove,31
Suckling,14
grounds,9
favourably,3
entrance,5
appealed,2
astonishingly,1
exclaiming,4
reminded,3
transplanted,1
strikingly,1
laurels,1
profusion,2
bench,1
enchanted,1
People,2
extensive,4
attack,6
overrated,1
beauties,3
counties,1
silenced,3
exploring,11
explore,4
preferable,2
explored,1
attract,1
proverb,1
Selina,10
stuck,1
park,1
paling,1
mix,4
unknown,3
waters,1
wonderful,13
instances,2
secluded,1
host,2
Partridge,3
resided,1
impolite,1
auspices,1
dashing,1
boarder,2
reproofs,1
outrage,1
changed,6
precedes,1
performer,2
doatingly,1
passionately,2
devoid,1
accustomed,2
Blessed,1
spacious,1
apartments,1
outstepped,1
pardoned,1
concerts,1
establish,1
weekly,1
allies,1
Jeffereys,1
Clara,1
Milmans,1
Bird,1
Cooper,1
enumerate,1
fright,1
wins,1
affirmative,1
Having,2
gentlewoman,2
caro,3
sposo,3
Decidedly,1
Insufferable,1
Worse,2
Absolutely,1
discover,4
upstart,2
airs,3
underbred,1
finery,5
bosom,1
Astonished,1
diverted,2
Always,3
glibly,1
departure,3
hurts,1
remiss,3
neglected,3
More,3
avowedly,1
lending,1
retract,3
interview,2
presuming,1
enliven,1
congratulating,2
commend,1
unimpeded,1
contribution,1
Offended,1
sneering,2
conjugal,2
colouring,2
enmity,1
disrespect,1
broader,2
vent,1
contemptuous,1
solicitation,1
plea,6
befriend,1
forfeited,1
rave,1
ladylike,1
flower,1
fragrance,1
desert,2
verified,1
calm,5
timid,1
timidity,1
prepossessing,1
Wright,4
partake,2
housekeeping,1
eligible,4
wear,3
punishment,4
merited,1
protection,2
Heavens,2
dares,1
limits,1
licentiousness,1
paradings,1
exclusively,2
decorated,1
guidance,1
patroness,1
meditated,2
guileless,1
worthies,1
affable,1
condescending,1
astonishing,4
penury,1
professedly,1
Midsummer,3
According,1
pressingly,1
exist,2
refusing,2
inflicted,1
decree,1
issued,1
puzzle,2
quits,1
condemn,2
reproachful,1
faint,2
gratify,3
dictated,1
pronouns,1
thou,1
plainest,1
implanted,1
awes,1
treats,1
comparative,2
littleness,3
irresolute,2
buttons,1
leather,1
gaiters,1
pressure,1
reverie,2
wittier,2
calls,5
appellation,1
vulgarity,2
accepts,1
consents,1
weighs,1
faith,5
deed,1
insulting,1
detailing,1
permanent,1
accuse,1
sensibilities,1
alluded,2
conversed,1
triumphantly,1
flowed,1
apprehending,1
dissipated,2
dinners,2
ice,1
candles,2
unbroken,1
packs,1
waiters,1
refreshments,1
exposed,4
pitiful,2
stipulation,1
bottom,3
deciding,1
eighth,2
accounts,4
begging,1
Since,2
relates,2
grandpapa,2
professional,1
ninth,2
immaterial,1
reluctant,1
unexpectedly,1
summoned,1
devote,1
pearls,2
saves,1
drops,1
count,1
situated,1
Indifferent,1
Letters,1
curse,1
Business,1
outlived,1
imply,2
concentrated,1
quivering,2
lip,2
claimed,2
mildest,1
urbanity,1
Young,2
plants,1
stockings,1
remonstrances,1
patiently,1
persuasively,1
Liable,1
cough,2
fetches,1
obviate,1
lord,3
insuperable,1
Excuse,3
needlessly,1
regularity,1
regulated,1
negligence,1
million,2
deciphered,1
increases,1
clerks,1
improves,1
capacity,1
served,1
prevails,1
teaches,1
teaching,1
roundabout,1
vindicated,1
base,1
aspersion,1
specimen,1
employing,2
dryly,2
Dinner,1
Must,3
fetching,2
wet,4
encountered,1
expedition,1
mails,1
abstained,1
engross,1
repressed,2
April,3
candidates,1
cousin,2
Bragge,7
infinity,1
schoolroom,1
midsummer,1
dispose,1
Trouble,1
strict,3
July,2
inexperience,1
amuses,2
unemployed,1
offices,2
Offices,1
flesh,2
intellect,1
fling,1
abolition,1
widely,1
victims,1
advertising,1
mortifications,1
entitle,1
harp,2
stipulate,1
honourably,1
gaily,1
beau,1
quaint,1
disgusts,1
ornaments,1
minority,1
show,2
trimming,2
silver,2
poplin,1
reassembled,1
judges,1
mute,1
finishing,1
efforts,1
sleety,1
finger,3
prolong,1
shrugged,1
confers,1
subdued,4
audible,1
Put,1
fluently,1
weighing,1
observant,2
overheard,2
interruption,2
precedent,1
fellows,1
southward,1
ninety,1
complained,1
conservatory,1
constitutions,1
grant,3
antagonist,1
incredible,2
nicety,1
travels,1
sheets,1
precaution,1
land,1
interposed,1
beheld,1
disclaiming,1
Clifton,1
stationary,1
retired,5
immense,2
plantation,1
desponding,1
untowardly,1
mend,1
courtship,1
Hymen,1
saffron,1
robe,1
dispel,1
gloomy,1
cheerfuller,1
disappointments,2
coughing,1
mentioning,5
genial,1
hot,10
cheerless,1
prodigy,2
gratifying,3
implicitly,1
injustice,4
traits,1
instigator,1
indolent,1
helpless,2
insolence,2
inclines,1
mighty,1
upstarts,1
annoyance,1
Tupman,1
encumbered,1
West,1
Hall,1
Birmingham,2
direful,1
Tupmans,1
happens,1
nearest,1
resident,1
Tea,3
worry,1
comprised,1
spoil,1
physic,2
preclude,1
encumbrance,3
Increase,1
Difference,1
Witness,1
gaieties,1
heretofore,1
Dining,1
unnoticed,3
dissipation,1
Aunt,1
fare,1
Uncle,2
embarrassed,1
subsided,1
entangled,2
absolute,3
anticipating,1
tranquil,4
influenced,2
Absence,1
stories,1
fluttered,1
Lively,1
belief,2
group,2
trusting,3
Randall,1
wilful,2
declared,7
weaker,1
medicine,1
remove,5
Richmond,13
medical,1
eminent,1
appreciate,1
indisputable,2
nay,5
obstacle,1
lightened,2
sanguinely,1
witness,3
arriving,5
contents,1
desire,1
closely,1
inspection,1
confidantes,1
General,1
modes,2
privy,2
councillors,1
proprieties,1
graciousness,2
qualifying,1
candidly,1
puppyism,1
puppies,1
tolerated,1
chained,1
expeditious,1
gestures,1
movements,1
Excellently,1
lighted,1
Aladdin,1
Delighted,1
Gone,1
Bought,1
olive,1
feet,1
drop,2
mat,1
transformation,1
complacently,1
hairdresser,1
Hughes,3
Richard,2
Otway,5
Arthur,1
roasted,1
coffee,1
complimented,1
patient,3
styles,1
praises,1
drowned,1
suspension,1
tones,1
disapprove,1
Ungrateful,1
frown,2
interfered,1
rub,1
festivity,1
classing,1
pretending,2
rubbers,1
bulky,1
forms,1
row,1
criticising,1
flirtation,2
bestowed,2
recordable,1
events,3
productive,1
dancers,1
sauntering,1
Escape,1
maintaining,1
omit,1
significant,2
arranging,1
glee,1
cruel,4
bounded,1
hardened,1
audibly,1
goodnatured,1
Supper,1
spoon,1
tippet,2
begs,1
nailed,1
Quantities,1
matting,1
Excellent,1
Grandmama,1
biscuits,2
throws,1
inquired,2
partners,1
forestall,1
Stop,2
Beautiful,1
queen,1
Candles,1
fricassee,1
sweetbread,2
asparagus,3
Anywhere,1
dishes,1
Soup,1
smells,1
irresistibly,1
reprobation,1
unpardonable,3
rudeness,1
wounding,1
enemies,1
scold,1
flatterers,1
leads,2
lazy,1
asleep,2
Whom,2
Brother,1
concession,1
impertinence,1
ruin,1
satisfactions,1
suddenly,5
enabled,1
harbour,1
quickened,1
freshened,2
demands,2
iron,2
leaning,2
faints,1
surprizes,1
Bickerton,3
About,3
shaded,1
elms,1
patch,1
greensward,1
gipsies,6
scream,1
steep,1
bank,4
cramp,1
mount,1
powerless,1
terrified,1
trampers,1
courageous,1
assailed,1
headed,1
clamorous,1
impertinent,2
tempting,1
gang,1
demanding,1
conditioning,1
insolent,4
delayed,3
scissors,1
clinging,1
adventure,2
coldest,1
steadiest,1
linguist,1
grammarian,1
mathematician,1
imaginist,1
foresight,1
groundwork,1
chancing,1
rescue,1
mania,1
partially,2
fervour,1
clung,1
impelled,1
passive,1
Beyond,2
concealment,9
Within,4
trembled,1
indisposition,2
invent,2
operations,1
dwindled,1
tenaciously,2
slightest,5
recital,1
seriousness,2
reserves,1
gifts,1
unfolded,1
box,5
lined,1
softest,1
cotton,3
penknife,1
smaller,2
jumping,1
Remember,3
saving,2
relic,1
pocket,1
senseless,1
tricks,1
secretly,2
bless,1
pulling,1
memorandum,1
brewing,1
Talking,1
treasuring,1
burn,3
remembrances,2
gipsy,2
undesignedly,1
debate,1
Plain,1
dealing,3
results,1
veneration,1
Service,1
inexpressible,1
Henceforward,1
obstacles,1
kissed,2
connivance,1
Sucklings,5
defeat,1
unison,1
indiscretion,1
void,1
remembering,2
Cowper,1
twilight,1
Myself,1
dreamt,1
dream,11
dreamer,2
dreaming,1
premature,2
heap,1
absurdities,1
prepare,2
dreams,1
pop,1
Extraordinary,2
preceded,1
suppressed,1
circular,1
Pembroke,1
meals,2
alphabets,2
quietness,1
game,3
pointing,1
buried,2
exultingly,1
proclaimed,2
cheek,2
lain,1
involvement,1
Disingenuousness,1
vehicle,1
deeper,2
distrust,1
blinded,4
demure,3
sedate,1
excessive,3
darting,1
covert,1
averted,2
closing,2
preconceived,1
unexamined,1
dusk,1
sting,1
imparted,2
Interference,1
fruitless,1
twentieth,1
expressive,2
vouchsafe,2
essay,1
arisen,2
staggered,1
prolonged,1
wheres,1
hows,1
gaiety,4
coolness,1
fed,1
speedy,1
importation,1
novelties,1
stores,2
interchange,1
restricted,1
eventually,1
introductions,1
Box,18
Hill,19
picnic,1
surprise,1
acceded,1
arrear,1
severity,1
goodwill,4
secures,1
lamb,1
lame,2
useable,1
stagnation,1
vexations,1
Kings,1
strawberries,8
ripening,1
plainer,1
Name,1
Lady,1
Patroness,1
delegating,1
preferment,1
Married,1
authorised,2
humourist,2
baskets,1
pink,1
gardens,7
gather,2
meat,2
inspect,1
anything,1
spurn,1
donkey,3
donkeys,1
purchasing,1
dust,1
dirt,1
dusty,1
borrow,1
Under,2
blunt,1
specious,1
lurking,1
horrors,2
upbraid,1
credulity,1
unasked,1
dispensed,1
bright,2
listener,1
sympathiser,1
viewed,2
building,2
characteristic,1
sheltered,2
stretching,2
washed,1
stream,1
timber,1
rows,1
avenues,1
rooted,1
covering,1
rambling,1
untainted,2
unexceptionably,1
indulged,4
apparatus,1
gathering,2
beds,2
Delightful,2
Morning,1
hautboy,1
eatable,1
hautboys,1
scarce,2
Chili,1
wood,2
flavour,1
cultivation,1
gardeners,2
delicious,2
cherries,1
currants,1
refreshing,2
Seats,1
overhear,1
circles,1
spheres,1
ranks,1
negative,1
insisted,2
pertinacity,1
insensibly,1
avenue,1
limes,1
river,3
wall,2
pillars,1
erection,1
Disputable,1
termination,1
slope,1
steeper,1
abruptness,1
curve,1
verdure,1
oppressive,1
scorned,1
appendages,1
prosperity,3
pastures,1
spreading,1
flocks,1
blossom,1
column,1
smoke,1
agriculture,1
etc,1
mare,2
repast,1
clover,1
damps,1
stirred,1
Books,1
engravings,1
drawers,1
medals,1
cameos,1
corals,1
shells,1
cabinets,1
ponds,1
lime,1
wearied,1
Mine,1
quitting,5
endurance,1
Mark,1
Place,1
Venice,1
blameless,3
seizure,2
intolerable,2
Madness,1
defined,1
incidental,1
humanely,1
hotter,2
relented,1
discomposed,2
Swisserland,4
sketches,2
tour,2
poem,2
climate,1
prescribed,1
penetrating,1
hardships,1
thwarted,1
Madeira,1
par,1
crosser,1
Chuse,1
crossness,1
concluded,4
final,1
exclude,1
acceptance,2
punctuality,1
officiating,1
Seven,1
travelled,1
union,4
harmonise,1
hill,3
collation,1
enlivened,2
admission,1
estimation,3
flirted,1
laying,1
playfulness,3
winning,1
commanded,2
overcame,1
broken,3
bounds,1
management,1
Dating,1
unanswerable,1
lowering,1
impudence,1
accents,1
swell,3
Mickleham,1
Dorking,1
rouse,2
presides,1
swelled,1
presiding,1
carelessly,1
brunt,1
emphatically,1
mutterings,1
murmured,1
unheard,2
waives,1
verse,1
engages,1
sha,1
Pardon,1
mock,1
Agreed,1
conundrum,3
reckon,2
Low,1
alphabet,1
M,1
Understanding,2
gratification,1
explains,1
acrostic,1
vivacity,2
Pass,2
Peculiarly,1
rued,1
confederates,1
characters,2
oppression,1
Find,1
Adopt,1
educate,1
undertake,1
Hazle,1
excepted,2
Referring,1
overtake,1
car,1
pitch,2
merriment,2
depart,1
questionable,1
unfeeling,3
generosity,4
honouring,1
irksome,1
blended,2
prevalence,1
liberties,1
badly,1
infant,2
advancing,1
motionless,1
combined,1
reproaching,1
sullenness,1
speed,2
brutal,1
fagged,2
misspent,1
abhorred,1
sweetest,2
unmerited,2
confiding,1
scornful,1
contrition,2
penitence,1
conferring,1
deriving,1
ridicule,1
ushered,2
escaping,1
volubility,1
twinkling,1
dispersing,1
lie,1
knock,1
ungenerous,1
Smallridge,10
indefatigable,1
fails,1
fatiguing,1
Except,1
Bragges,2
salary,3
sums,1
earned,2
Abdy,1
clerk,1
rheumatic,1
gout,1
joints,1
ostler,5
accumulation,1
messenger,2
Tom,1
astonish,1
houseroom,1
pensive,1
meditations,1
graver,2
carries,1
heightened,1
instantaneous,1
movement,1
undecided,1
dilatory,1
unfinished,1
diverting,1
disagreeableness,1
disturbing,1
background,1
hasten,1
foreboded,1
departed,1
surviving,1
Goldsmith,1
stoops,2
disliked,1
acquitted,1
fancifulness,1
mourning,2
moralising,1
hems,1
commiseration,1
earliest,1
awe,1
rested,2
benefited,2
freed,2
guidable,1
refrained,1
endanger,1
maintenance,2
communicating,2
funeral,1
Windsor,4
lavished,1
testify,1
verbal,1
headaches,1
deranged,1
appetite,2
pulmonary,1
undertaken,1
derived,1
tremulous,1
airing,4
classed,1
diet,1
nourishing,1
distasteful,1
examination,1
arrowroot,3
despatched,1
wandering,1
peremptorily,1
inconsistency,2
reprove,1
unaccountable,3
hush,3
Break,1
sacred,1
relate,5
undesirable,1
agony,2
inspired,1
abhor,1
resuming,2
averting,3
conversations,1
Engaged,1
believing,3
utterance,1
protestation,1
darling,1
Imagine,2
persevering,2
Composure,1
placidity,1
misunderstandings,4
expressly,1
impropriety,2
Impropriety,1
None,2
integrity,1
adherence,1
transaction,1
indelicacy,1
extenuations,1
excusable,2
system,5
secresy,3
Conceive,1
vault,1
undue,1
survive,1
hypocrisy,1
deceit,2
espionage,1
league,1
duped,1
comparing,1
intreat,1
deviation,1
condolence,1
briskness,1
palliate,1
tormenting,1
constituted,1
deepest,2
dupe,1
misconceptions,1
prophetically,1
author,1
guilty,1
risking,1
insufficient,1
Common,1
insignificance,1
rival,1
repulsed,1
rack,1
storeroom,1
disengage,2
elevation,3
engrossing,1
communicate,3
token,1
recently,2
disclosure,3
unable,2
owning,1
perplexed,1
privately,1
cautioned,1
stoutly,1
Him,1
Mistake,1
misunderstood,2
assert,1
protecting,1
modestly,1
withdrawn,3
silently,1
meditating,1
arrow,1
indelicate,1
irrational,1
demerits,1
enquired,1
forfeit,1
counsels,1
Rousing,1
tremblings,1
unsteady,1
threatening,2
perplexing,1
inward,1
Methodical,1
delivered,2
feebleness,1
tautology,1
corroborating,1
Latterly,2
closest,2
agreement,1
unsuspected,1
Circumstances,1
relation,1
multiplied,2
undiscerned,1
occurrences,1
enquiring,1
alluding,2
bitter,3
intentionally,1
worship,1
footsteps,1
spontaneous,1
amidst,1
rushed,1
deceptions,1
practising,2
posture,1
weakly,1
imposed,2
imposing,1
involuntary,1
institute,1
delusion,3
sorrowfully,1
threadbare,1
stale,1
debasement,1
sneers,1
inconveniences,1
captivated,1
inconsistent,1
incongruous,1
sequel,1
stoop,2
worldly,1
Satisfied,1
supplanted,3
inexpressibly,2
wilfully,1
overrating,1
Wish,1
Marriage,1
incompatible,1
henceforward,1
wretchedly,1
frightfully,1
decisively,1
confidential,1
waking,1
elect,1
essential,3
reports,1
rapturous,1
affecting,1
converse,1
Apologies,1
effusions,1
pent,1
energetic,1
uttered,1
attestation,1
consented,1
Wrong,1
misconduct,4
Pain,1
expiation,1
contributed,1
inquietudes,1
captious,1
irritable,1
unanswered,1
closer,1
Birth,1
Supposing,1
foolishly,2
fashioned,1
harboured,1
unpardonably,1
levity,1
carelessness,1
surrounding,1
enemy,2
stabbed,1
stormy,1
shrubs,2
despoiling,1
cost,2
shortly,3
erroneous,1
deserted,2
forebodings,1
dispelled,1
brightened,1
ruined,1
tie,1
losses,1
seconds,1
loneliness,1
reign,1
smell,1
serenity,1
intimation,1
unquestionably,1
constrained,1
pained,1
doomed,1
heal,1
Indignation,1
Abominable,1
scoundrel,1
steadier,1
Fortunate,1
rewarded,1
clemency,1
hundreds,1
sets,1
ingeniously,1
underrated,2
calculation,1
Assured,1
vouches,1
disinterestedness,1
purity,1
meets,1
gains,1
weary,1
envied,1
avert,1
startled,1
unsaid,1
confide,1
reconcile,2
indecision,1
alternative,2
ungraciously,1
contemplation,2
Stay,1
refer,2
Say,2
awakened,1
blamed,1
lectured,1
Bear,1
velocity,1
groundless,1
discouragement,2
attendant,1
render,1
sublimity,1
vouchsafing,1
flight,1
astray,2
despaired,1
crushed,1
Seldom,1
disguised,1
relenting,1
soothe,1
create,1
enlightened,1
witnessing,1
differing,1
inferiorities,1
brilliancy,1
stayed,1
post,2
gladness,1
keen,1
ridden,1
faultless,1
daring,1
respite,1
western,1
plotting,1
breast,1
lungs,1
impending,1
articles,1
sleepless,1
tax,1
wept,1
sin,1
divested,1
streets,1
shops,1
stolen,1
literally,1
figuratively,1
reinstate,1
contain,1
deprecated,1
waded,1
packet,1
forwarding,1
enclosed,1
nervousness,1
ungenial,1
Yours,1
MY,1
DEAR,1
MADAM,1
rises,1
hazards,1
discuss,1
caviller,1
brick,1
casements,1
creation,1
bursts,1
obtaining,1
correspondence,2
inheriting,1
inheritance,1
lands,1
absented,1
reprehension,1
excites,1
dropped,1
indicated,1
Amiable,1
goodhumoured,1
expiration,1
penetrated,1
extenuation,1
sinned,1
Acquit,1
acquittal,1
brotherly,2
queernesses,1
F,1
designedly,1
suppress,1
insane,1
unseasonableness,1
26th,1
shrunk,1
retrospect,1
shamefully,3
blameable,1
disapproved,1
dissatisfaction,1
consistent,1
objectionable,2
particularity,1
consenting,2
useless,1
officious,1
filled,2
hatred,1
extended,1
bandied,1
multiplicity,1
locked,1
stating,1
adding,1
misconstrued,1
subordinate,1
conveyance,1
requested,1
stared,1
accordant,1
descriptive,1
threaten,1
raved,1
wan,1
release,1
dictate,1
undoubted,1
subscribe,1
Son,1
WESTON,1
CHURCHILL,1
foretold,1
impartial,1
distrusted,1
disapprobation,1
Playing,1
Too,1
Fancying,1
fathomed,1
Natural,1
intrigue,1
Mystery,1
Finesse,1
pervert,1
boyish,1
contend,1
repentance,1
dissolved,1
suffers,1
Dearer,1
thanker,1
tens,1
Happier,1
inconsideration,1
thoughtlessness,1
acquire,1
attacking,1
inadmissibility,1
transplantation,1
Like,1
evinced,1
sacrificing,1
unprovided,1
saucy,3
detecting,1
contemplated,1
outweigh,1
periods,1
cheerlessness,1
involve,1
loser,1
worshipped,1
reproaches,1
bordering,1
desirableness,1
stroke,1
resorting,1
tooth,1
dentist,3
haunted,1
enduring,1
appointed,1
crown,1
agitating,1
similarity,1
unsuccessfully,1
Beg,1
checked,3
expedient,1
compress,1
congratulatory,2
accounted,1
penetrate,1
fold,1
purple,1
gold,1
reticule,1
nods,1
admits,1
Hush,1
mum,1
minister,1
managed,1
palpable,1
physician,1
cloud,1
resulting,1
commonly,1
whispers,1
magistrates,1
overseers,1
churchwardens,1
crayons,1
applicants,1
Bad,1
bar,1
screen,1
denoted,1
smallness,1
patronage,1
solidity,1
insinuate,1
greeted,1
dutiful,1
sample,1
broiling,1
fields,1
protesting,1
indignity,1
eccentric,2
Harry,1
sideboard,1
receipt,1
aggression,1
wearying,1
collectedly,1
disgusted,2
owe,2
artificial,1
sons,1
sports,1
freaks,1
fancies,1
La,2
Baronne,1
Comtesse,1
Madame,1
de,1
Genlis,1
Adelaide,2
Theodore,1
infancy,1
bitterness,1
spoilt,1
endeavours,1
corrected,1
Nature,1
lecture,1
dint,1
thirteen,2
Anna,1
fits,1
terseness,1
womanly,1
follies,1
attribute,1
corresponded,1
unmentioned,1
enters,1
complimenter,1
differ,1
oppressed,1
unprepared,2
bound,1
affectionately,1
marriages,1
secondly,1
feigning,1
singularly,1
renounced,1
disposing,1
impediment,1
shifted,1
knee,1
outgrown,1
familiarise,1
sagacity,1
disagreements,1
habitation,1
daringly,1
Rather,1
Extremely,1
abused,1
Shocking,1
agitate,1
composing,1
flushed,1
intends,1
recourse,1
workbasket,1
chambers,1
Astley,4
coach,1
overflowing,1
broadly,1
respectability,1
misunderstand,1
shows,1
cattle,1
drills,1
ox,1
emphasis,1
brightest,1
utility,1
disappearing,1
lessons,1
humility,1
circumspection,1
Serious,1
thankfulness,1
resolutions,1
doleful,1
High,1
heartfelt,1
disguise,1
equivocation,1
hateful,1
gayest,1
conniving,1
figures,1
stays,1
embarrassing,1
forgiving,1
doat,1
forbade,1
Early,1
transgression,1
bond,1
accession,1
archly,1
dog,1
tricking,1
mirth,1
readier,1
dispositions,1
bids,1
gesture,1
Observe,2
inclining,1
jewels,1
ornament,1
commended,1
disordered,1
partly,1
obtrude,1
court,1
entertainingly,1
regarding,1
completion,1
XIX,1
intervals,1
unbiased,1
presumptuous,1
fullest,2
unqualified,1
unintelligible,1
tradesman,1
decent,1
vouch,1
stain,2
unbleached,1
nobility,1
liberally,1
created,1
gradual,1
clergyman,1
altar,1
intermediate,1
seaside,1
sounded,1
resignation,1
acquiesced,1
befriended,1
illumination,1
robbed,1
turkeys,1
Other,1
Pilfering,1
protected,1
weddings,1
detailed,1
satin,1
veils,1
stare,1
deficiencies,1
predictions,1
band,1
FINIS,1
